,Year (negative values = BC),"EPICA Dome C,  Antarctica"
1,-797446.1,399.3
2,-796467.4,457.8
3,-795327,396.1
4,-794369.7,418.0
5,-792988,428.3
6,-792449.6,419.6666667
7,-791645.5,451.2
8,-790877,469.6666667
9,-790044.8,466.2
10,-789426.6,503.0
11,-788740.4,483.0
12,-788087.6,540.3333333
13,-787312,543.2
14,-786864.7,561.6666667
15,-786172.7,588.9
16,-785723.2,659.3333333
17,-784988.2,713.4
18,-784698.6,699.0
19,-784589.8,738.67
20,-784539.9,723.0
21,-784009.5,676.9
22,-783436.1,686.3333333
23,-782689.9,639.4
24,-782157.5,653.3333333
25,-781478,618.0
26,-780900.5,639.3333333
27,-780007.1,623.3
28,-779682.9,633.3333333
29,-778794.8,629.9
30,-778144.6,616.0
31,-777333.2,598.3
32,-776810.3,614.0
33,-776081.5,681.0
34,-775460.3,657.6666667
35,-774605.1,601.2
36,-774043.8,617.6666667
37,-773295.5,577.4
38,-772575.4,583.3333333
39,-771681.9,548.5
40,-771049.3,565.6666667
41,-770248.5,529.5
42,-770063.6,538.6666667
43,-769878.6,543.0
44,-769590.8,556.0
45,-769255.1,639.3333333
46,-768980.6,646.6666667
47,-768651.7,632.1
48,-768344.1,629.7
49,-768129.9,621.6666667
50,-767776.6,616.3
51,-767629.8,587.0
52,-767349.6,569.8
53,-766740.6,568.0
54,-765671.2,486.4
55,-765121.4,519.0
56,-764296.1,466.7
57,-763935.9,462.0
58,-763555.4,469.6666667
59,-763272.1,500.0
60,-763133.6,535.0
61,-762798.3,517.8
62,-762634.7,563.3333333
63,-762193.3,549.3333333
64,-761867.7,556.0
65,-761513.3,538.4
66,-760876.8,521.0
67,-760088.6,474.3
68,-759624.4,473.2
69,-758685.7,453.7
70,-758065.2,462.3333333
71,-757250.2,433.6
72,-756866.5,421.0
73,-756431.6,485.6666667
74,-756193.3,497.6666667
75,-756050.2,498.1
76,-755557.8,505.3333333
77,-755265.8,479.6666667
78,-755045.1,473.3
79,-754835.7,439.4
80,-754370.5,419.0
81,-753665.2,444.5
82,-753189.6,429.0
83,-752398.9,406.4
84,-752070,409.6666667
85,-750617.6,431.3333333
86,-749805.3,400.9
87,-749303.8,428.3333333
88,-748653.2,407.6
89,-748094.9,399.6666667
90,-747369.6,377.5
91,-746919.5,408.6666667
92,-746283.3,392.2
93,-745766.4,404.6666667
94,-745099.5,402.4
95,-744652.7,428.0
96,-744054.6,415.1
97,-743522.4,432.3333333
98,-742824.4,421.3
99,-742362.3,421.6666667
100,-741756.3,439.1
101,-741257.3,422.3333333
102,-740552.5,401.5
103,-740121.4,409.3333333
104,-739472.9,387.7
105,-738917.7,414.0
106,-738261.5,410.6
107,-737859.8,403.0
108,-737323.4,408.3
109,-736868.5,407.3333333
110,-736179.9,423.0
111,-735872.3,507.6666667
112,-735335.5,541.9
113,-734972.9,561.0
114,-734462.6,545.9
115,-734106.6,541.0
116,-733574.1,517.6
117,-733151.1,531.3333333
118,-732638.3,519.9
119,-732244.4,519.3333333
120,-731697.9,529.5
121,-731209.4,525.3333333
122,-730511,520.5
123,-730196,537.3333333
124,-729491.5,511.7
125,-729076.6,538.0
126,-728293.2,544.6
127,-727804,551.0
128,-726923,530.3333333
129,-726502.6,559.0
130,-725757.3,530.8
131,-725230.1,540.6666667
132,-724544.9,504.3
133,-723918.5,561.0
134,-722970.2,478.45
135,-722423.1,581.0
136,-721737.7,559.6
137,-721021.6,566.3333333
138,-719971.1,514.7
139,-719307.7,491.3333333
140,-718582.9,401.1
141,-717691.6,407.6666667
142,-716685.4,391.7
143,-716013,402.6666667
144,-715244.5,398.8
145,-714513,434.6666667
146,-713700,531.3
147,-713164.9,570.0
148,-712239.3,577.0
149,-711787.7,593.0
150,-711060.4,596.8
151,-710414.8,587.6666667
152,-709618.8,573.2
153,-709001.4,591.0
154,-708191.3,556.3
155,-707808.5,567.7
156,-707680.6,611.3333333
157,-706903.7,520.5
158,-706419.7,512.3
159,-705648.7,504.5
160,-705202.7,519.3
161,-704452.3,610.3333333
162,-704026.5,610.3333333
163,-703387.3,584.6
164,-702911.3,602.3333333
165,-702258.4,588.0
166,-701925.6,593.3333333
167,-701377,582.0
168,-700968.2,605.3333333
169,-700513.3,593.9
170,-700101.8,584.3333333
171,-699581.2,570.8
172,-699253.2,594.6666667
173,-698715.3,578.4
174,-698395.5,581.0
175,-697921.7,565.774
176,-697606.9,594.0
177,-697181.7,604.3333333
178,-696323.8,588.0
179,-696096.6,604.6666667
180,-695657.8,603.7
181,-694967.5,623.8
182,-694692.8,644.6666667
183,-694279,642.9
184,-694030.1,647.2
185,-693621.2,631.7
186,-693349.1,652.0
187,-692955,635.3
188,-692699.2,638.6666667
189,-692313.4,629.0
190,-692055.3,615.0
191,-691416.1,590.1
192,-691006,601.5
193,-690749.9,595.5
194,-690352.9,557.4
195,-690085.1,570.3333333
196,-689672.1,567.6
197,-689416.2,584.3333333
198,-688756.8,561.0
199,-688329.5,548.9
200,-688033.2,555.3333333
201,-687608.8,540.0
202,-687345.7,556.6666667
203,-686898,541.5
204,-686634.6,537.6666667
205,-686203.8,527.3
206,-685935.9,529.3
207,-685473.8,537.6
208,-684737.2,522.5
209,-684441.3,521.0
210,-683975.3,513.7
211,-683749.3,507.6666667
212,-682911.6,519.6
213,-682435.5,504.3
214,-682104.5,498.6666667
215,-681617.1,498.1
216,-681309.9,494.0
217,-680776.6,543.06
218,-680702.6,523.0
219,-680439.4,505.3333333
220,-679822,485.6
221,-679466.7,481.5
222,-678896.2,489.5
223,-678606.3,465.6666667
224,-678160.5,445.7
225,-677785.7,459.6666667
226,-677246.1,543.9
227,-677148.9,500.3333333
228,-676882.4,494.0
229,-676236.1,495.4
230,-675913.5,491.1
231,-675341.7,463.5
232,-675022.5,466.0
233,-674597.5,454.6
234,-674206.2,536.0
235,-673589.7,551.48
236,-673159,554.3333333
237,-672458.3,564.0
238,-672163.5,562.4
239,-671487.7,512.45
240,-671112.9,529.0
241,-670381.6,471.1
242,-669973.9,462.3333333
243,-669275.8,439.3
244,-669049.6,483.0
245,-668964.5,489.3333333
246,-667679,396.3
247,-666842.2,390.2
248,-666375.8,385.0
249,-665639.5,364.5
250,-665029.8,374.3333333
251,-664267.5,376.0
252,-662083.7,413.6
253,-660574.1,384.3333333
254,-659084.3,401.6666667
255,-657454.2,359.25
256,-655794.8,343.5
257,-654857.4,398.3333333
258,-654141,414.0
259,-652530.6,396.6666667
260,-650704.9,409.0
261,-648727.4,414.4
262,-646941.5,425.6666667
263,-644705.6,428.6666667
264,-642524.5,428.6666667
265,-641233.7,386.3333333
266,-640488.8,369.4
267,-637648.5,373.0
268,-634926.6,373.3333333
269,-632346.8,360.6666667
270,-629795,376.4
271,-627140.1,355.6666667
272,-625076.3,386.3333333
273,-624069.5,474.0
274,-623521.4,478.3333333
275,-622646.1,572.6666667
276,-622066.6,571.7
277,-621230.2,618.3333333
278,-620626.4,660.6666667
279,-619746.2,626.6666667
280,-619097.2,609.3333333
281,-617730,602.3333333
282,-616396.4,603.8
283,-615003.4,611.0
284,-613630.2,617.0
285,-612402.6,620.3333333
286,-611220.1,600.7
287,-610005.3,619.6666667
288,-608838.5,592.6666667
289,-607636.8,582.6666667
290,-606941.1,576.6666667
291,-606475.2,577.9
292,-605204.6,537.6666667
293,-603906.7,532.6666667
294,-602511.6,503.0
295,-601116.2,525.9
296,-599695.4,542.3333333
297,-598280.8,534.3333333
298,-596845.1,544.0
299,-595983.6,495.6666667
300,-595323.8,465.0
301,-593950.3,448.3333333
302,-593158.6,463.0
303,-592512.3,538.6666667
304,-591387.9,509.6666667
305,-590203.7,483.0
306,-588430.4,428.3333333
307,-587885.8,480.3333333
308,-586664.7,468.0
309,-585595.9,451.2
310,-584416.6,470.3333333
311,-580955.7,482.4
312,-580024.3,488.3333333
313,-579114.4,484.3333333
314,-578373.1,505.0
315,-578004.4,520.6666667
316,-577787.5,608.7
317,-577199.3,618.3333333
318,-576641.5,601.6666667
319,-576100.3,602.0
320,-575582.6,578.9
321,-575051.6,596.6666667
322,-574552.5,584.0
323,-574039.1,589.3333333
324,-573572.5,580.5
325,-573097.2,600.0
326,-572646,605.0
327,-572197,619.5
328,-571749.1,598.4
329,-571311.6,613.3333333
330,-570899.2,612.0
331,-570475,614.0
332,-570050.7,603.8
333,-569652.4,610.3333333
334,-569228.5,594.0
335,-568816.3,597.0
336,-568418.6,579.8
337,-567997.2,587.6666667
338,-567598.1,589.0
339,-567208.5,590.0
340,-566820.5,588.5
341,-566429.5,613.0
342,-566037.3,615.0
343,-565642.4,603.3333333
344,-565268.4,620.0
345,-564888.5,626.0
346,-564501.4,618.0
347,-564107.5,627.0
348,-563734.5,576.5
349,-563335,589.3333333
350,-562958.7,581.3333333
351,-562571.8,579.0
352,-562184.7,549.5
353,-561780.9,554.0
354,-561393.9,528.6666667
355,-560968.7,532.3333333
356,-560549.4,494.6
357,-560137.8,497.0
358,-559692.3,486.0
359,-559452.8,483.6666667
360,-558972.4,464.3333333
361,-558500.1,510.6666667
362,-558291,515.6666667
363,-557811.4,501.3333333
364,-557289.9,492.3333333
365,-556745.2,467.9
366,-556227.4,442.6666667
367,-555723,442.6666667
368,-555222.5,495.6666667
369,-554777.9,530.6666667
370,-554168.1,575.3333333
371,-553664.1,577.6666667
372,-553172.6,557.3333333
373,-552629.5,519.4
374,-552016,500.6666667
375,-551369.1,471.3333333
376,-550729.5,431.3333333
377,-550369.8,443.0
378,-549988.4,490.8
379,-549146.7,477.3333333
380,-548353.2,472.0
381,-547504.2,456.3333333
382,-546586.8,433.5
383,-545583.6,390.0
384,-544707.4,408.6666667
385,-543499.4,418.3333333
386,-542398.4,426.5
387,-541241.1,404.6666667
388,-540029.5,408.0
389,-538845.7,391.0
390,-537668.5,399.6
391,-536984.9,415.3333333
392,-536460,448.0
393,-535778.9,467.3333333
394,-535287.6,496.6666667
395,-534187.5,490.3333333
396,-532968.1,449.4
397,-531900.6,458.0
398,-530766,422.3333333
399,-529680,420.3333333
400,-528618.6,449.8
401,-527623.6,440.6666667
402,-526750.6,463.6666667
403,-526243.9,519.6666667
404,-525928.1,518.3333333
405,-525140.4,528.9
406,-524364.1,541.0
407,-523635.4,538.0
408,-522872.6,533.6666667
409,-522127.9,517.8
410,-521366.9,533.6666667
411,-520639.8,516.0
412,-519954.8,535.0
413,-519310.9,521.9
414,-518647.2,524.0
415,-516721.8,499.1
416,-516095.4,512.3333333
417,-515467,507.3333333
418,-514821.8,508.0
419,-514453.7,501.3333333
420,-514178.7,477.4
421,-513807.7,482.6666667
422,-513544.6,519.3333333
423,-512855.2,507.0
424,-512168,496.3333333
425,-511447.1,488.3
426,-510716.6,486.0
427,-509975.8,487.0
428,-509239.8,495.0
429,-508491.9,519.6
430,-507714.9,533.3333333
431,-506956.8,556.6666667
432,-506165.4,582.0
433,-505449.5,573.2
434,-504741.7,601.3333333
435,-503998.6,579.3333333
436,-503205.1,524.0
437,-502529.8,566.4
438,-501854.8,549.0
439,-501088.2,515.3333333
440,-500298.8,517.3333333
441,-499620.9,521.9
442,-498826.6,511.6666667
443,-498068.3,495.6666667
444,-497326.3,499.3333333
445,-496576.6,509.1
446,-495823.1,506.0
447,-495059.5,516.3333333
448,-494322,521.6666667
449,-493563.1,514.3
450,-492788.2,495.6666667
451,-491993.3,517.0
452,-491212.3,500.0
453,-490438.3,500.5
454,-489656.3,534.3333333
455,-488880.2,584.0
456,-488164.7,558.3333333
457,-487433.8,587.5
458,-486693.1,624.0
459,-485982.9,615.3333333
460,-485269.5,583.3333333
461,-484505.4,582.6
462,-483767.4,568.6666667
463,-482970.3,543.0
464,-482155.8,543.6666667
465,-481326.9,516.4
466,-480457.6,506.6666667
467,-479602.3,504.3333333
468,-478687.1,491.6666667
469,-478134.7,503.6666667
470,-477759.6,531.1
471,-476752,496.0
472,-475725.3,528.0
473,-474821.8,517.0
474,-473833.5,504.1
475,-472781.5,474.6666667
476,-471723.5,456.0
477,-470675.6,440.0
478,-469662.4,481.8
479,-468522.7,482.3333333
480,-467473.2,442.6666667
481,-466429.9,429.6666667
482,-465727.4,491.3333333
483,-465120.3,490.9
484,-463719.2,442.0
485,-462299.8,447.6666667
486,-460896.8,491.3333333
487,-460139.5,463.0
488,-459597.1,521.4
489,-458767.3,424.3333333
490,-458209.5,408.6666667
491,-456941.2,398.0
492,-455474.4,408.3333333
493,-454060.5,412.4
494,-453290.1,434.0
495,-452735.7,467.6666667
496,-451942,486.0
497,-451474.2,426.3333333
498,-450249.3,402.6666667
499,-449151.4,383.7
500,-447962.4,381.0
501,-446738.2,388.6666667
502,-445664.2,427.3333333
503,-444981,506.3333333
504,-444629.2,474.3333333
505,-443811.8,452.0
506,-443273.1,408.6666667
507,-442632.3,427.3333333
508,-442235.8,491.0
509,-441582.9,439.0
510,-441117.2,438.6666667
511,-439925.5,437.5059719
512,-438720.3,400.0
513,-438146.1,404.5
514,-436480.6,391.5
515,-435708.1,394.7
516,-434512.9,384.7
517,-433365.4,380.6
518,-432151.8,380.6
519,-431120.1,391.5
520,-429964.4,389.2
521,-429244.3,393.6
522,-428848.4,384.5
523,-428082.5,380.1
524,-427838.8,382.3
525,-427183.3,405.7
526,-426828.7,472.3
527,-425900.8,417.9
528,-425435.1,411.5
529,-425131.8,465.3260844
530,-424663,458.7
531,-424446.7,462.6
532,-424076.8,456.6
533,-423663.2,507.7
534,-423278.6,502.8
535,-423223.8,497.5
536,-423016.8,584.1
537,-422934.3,605.2
538,-422766.2,618.3
539,-422458.2,603.5
540,-422265.7,598.0
541,-421876.3,622.2
542,-421401.2,648.6
543,-421069,660.15
544,-420596.2,689.4
545,-420206.6,671.8
546,-420031.3,688.8
547,-419614.5,684.0
548,-419406.1,702.7
549,-418791.5,699.3
550,-418496.4,678.2
551,-418290.7,695.1
552,-417925.8,673.9
553,-417724.6,686.6
554,-417415.7,665.4
555,-416940.4,654.8
556,-416671.9,660.4
557,-416366.3,657.6
558,-416154.6,635.0
559,-415813.2,668.2
560,-415618.1,646.5
561,-415307.4,670.7
562,-415131.7,633.7
563,-414621.1,633.3
564,-414309.6,629.6
565,-414086.8,623.1
566,-413835.1,619.7
567,-413618.1,638.8
568,-413131.6,638.4
569,-412625.5,676.6
570,-412082.2,695.7
571,-411611.1,690.3
572,-411117.4,656.1
573,-410631.8,658.9
574,-410111.9,711.5
575,-409661,700.1
576,-409221.4,694.1
577,-408789.2,701.2
578,-408357.1,713.0
579,-407920.1,709.7
580,-407524.2,699.4
581,-407115.4,714.3
582,-406740.2,710.7
583,-406359.5,694.6
584,-405958.8,681.0
585,-405593.9,710.1
586,-405222.3,736.0
587,-404873.4,691.1
588,-404503.2,672.3345379
589,-404119,707.5
590,-403777.6,699.9
591,-403418.4,659.0
592,-403059,662.9
593,-402715.1,661.3
594,-402304.2,674.0
595,-401951.1,664.0
596,-401601.6,681.2
597,-401229.1,653.2
598,-400865.6,640.2
599,-400504.7,642.0
600,-400139.8,646.2
601,-399758.9,633.3
602,-399385.8,626.9
603,-399028.9,628.0
604,-398642.1,662.4
605,-398253.6,606.8106312
606,-397858.3,606.5
607,-397465.2,580.4
608,-397070.3,592.9
609,-396644.6,608.3
610,-396224.7,612.3
611,-395811.4,600.0
612,-395388.6,605.0
613,-394964.4,590.1
614,-394573.6,601.8
615,-394107.1,594.0
616,-393604.2,602.7
617,-393178,585.2
618,-392727,593.5
619,-392245.5,549.6
620,-391748.8,562.0
621,-391243.2,484.9
622,-390715.6,498.4
623,-390195.4,489.2
624,-389581.7,488.4
625,-389024.7,505.8
626,-388440.2,525.2
627,-387821.4,567.8
628,-387165.4,471.5
629,-386472.3,452.4
630,-385817.6,462.7
631,-385227.7,531.0
632,-384664.6,637.3
633,-384079.6,594.1
634,-383501.6,577.0
635,-382907.2,552.5
636,-382340.6,560.9
637,-381763.2,536.4
638,-381175,481.6
639,-380596.6,587.4
640,-380005.4,600.6
641,-379472.7,547.9
642,-378913.3,543.7
643,-378306.1,547.7
644,-377756.6,484.5
645,-377168.8,494.1
646,-375379.7,442.0
647,-374756.1,444.6
648,-374155.9,432.9
649,-373500.9,425.9
650,-372835.3,426.2
651,-372141.6,445.2
652,-371516.5,451.1
653,-370943.2,540.3
654,-370377.5,523.4
655,-369812.6,501.6
656,-369183.9,491.1
657,-368546.5,508.2
658,-367967.4,517.9
659,-367373.8,444.0
660,-366788.3,421.8
661,-366124.3,421.7
662,-365480.6,459.5
663,-364899.5,403.1
664,-364256.1,415.8
665,-363627,460.1
666,-362992.1,416.2
667,-362318.8,448.5
668,-361698.8,413.3
669,-361092.8,486.5
670,-360490.8,432.7
671,-359892.3,465.9
672,-359271.6,420.2
673,-358562.6,415.1
674,-357913,456.2
675,-357252.1,417.6
676,-356624.3,416.7
677,-355907,431.1
678,-355244,434.6
679,-354553.9,420.4
680,-353891.9,404.2
681,-353255.1,402.9
682,-352586.1,405.8
683,-351893.6,395.3
684,-351272.2,404.8
685,-350695.5,397.3
686,-349809.2,403.3333333
687,-349475.7,414.2
688,-348505.6,402.3333333
689,-348219,391.8
690,-347395.9,406.6666667
691,-347095.8,459.0
692,-346222.9,421.3333333
693,-345901.9,403.1
694,-345253.9,417.0
695,-344658,391.3
696,-343728.7,389.3333333
697,-343401,373.95
698,-342532.9,368.0
699,-342161.4,374.5
700,-341470.9,365.8
701,-340886.4,370.4
702,-339890.3,393.6666667
703,-339541.4,395.4
704,-338576,439.0
705,-338259.7,449.3
706,-337446.9,459.6666667
707,-337172.1,464.5
708,-336657.2,444.9
709,-336615.1,445.0
710,-336150.9,452.5
711,-335464.1,486.0
712,-335237.4,485.8
713,-334702.2,504.0
714,-334493.1,496.2
715,-333995.9,531.0
716,-333798.2,537.0
717,-333360.4,566.0
718,-333212.1,569.6
719,-332827.8,597.0
720,-332687.2,580.7
721,-332336,652.0
722,-332193.5,631.0
723,-331888.7,607.3333333
724,-331768.4,603.8
725,-331554.2,589.8
726,-331333.9,599.2
727,-331038.3,797.0
728,-330925.4,798.2
729,-330625.7,776.3333333
730,-330506.9,738.0
731,-330198.6,726.0
732,-330090,721.3
733,-329832.1,672.7
734,-329475,649.3333333
735,-329338.4,636.4
736,-328950.2,637.3333333
737,-328804.8,615.3
738,-328430.8,637.0
739,-328291.5,620.9
740,-327919.5,663.3333333
741,-327777.3,643.0
742,-327375.8,657.6666667
743,-327229.1,635.7
744,-326792.3,669.0
745,-326131.6,657.4
746,-325750.6,662.0
747,-325613.4,642.0
748,-325219,654.0
749,-325076.6,644.3
750,-324673.2,634.3333333
751,-324536.6,611.0
752,-324147.9,634.6666667
753,-323999.7,633.2
754,-323604.8,644.3333333
755,-323467.1,626.1
756,-323046.5,617.3333333
757,-322891.2,612.2
758,-322459.1,589.6666667
759,-322290.5,580.2
760,-321862.9,568.0
761,-321722,592.5
762,-321278.2,556.6666667
763,-321113.8,544.4975689
764,-320626,532.6666667
765,-320455.9,518.5
766,-319959.7,528.3333333
767,-319781.1,519.3
768,-319264.4,528.6666667
769,-319073.3,520.8
770,-318521.6,503.3333333
771,-318318.4,497.7
772,-317714.9,480.0
773,-317510.6,477.5
774,-316886.6,479.0
775,-316669.5,480.814851
776,-316059.3,480.0
777,-315850.6,444.6
778,-315280.4,458.6666667
779,-315077.4,464.5628105
780,-314522.3,515.3333333
781,-314339,607.3
782,-313812.5,635.3333333
783,-313614.8,597.7
784,-313094.8,606.0
785,-312904.9,618.2
786,-312348.2,634.0
787,-312159.6,552.9
788,-311600.5,568.3333333
789,-311435.8,547.5
790,-310919.7,540.3333333
791,-310722.9,522.2
792,-310100.8,516.0
793,-309912,514.5
794,-309283,517.0
795,-309077.3,469.5
796,-308482.7,492.6666667
797,-308246.2,460.6317615
798,-307610,460.3333333
799,-307372.2,466.5
800,-306719.9,509.3333333
801,-306499.8,477.8
802,-305844.6,465.6666667
803,-305605.7,458.7
804,-304918.9,485.0
805,-304688.2,459.3
806,-304054,448.6666667
807,-303852.3,451.118011
808,-303286.5,505.3333333
809,-303096.9,498.4591306
810,-302521.5,489.6666667
811,-302312,490.5700242
812,-301687.1,477.0
813,-301482.4,466.4
814,-300898.3,462.3333333
815,-300667.4,456.1942032
816,-300106.4,453.0
817,-299873.5,453.2
818,-299191.8,487.3333333
819,-298970.8,459.4
820,-298372.3,520.0
821,-298171.7,517.5
822,-297788.1,496.282263
823,-297140.6,518.0
824,-296942.9,518.8
825,-296235.1,490.6666667
826,-295995.4,466.6379345
827,-295315,505.0
828,-295109.8,487.551686
829,-294516.4,524.0
830,-294307.6,586.6
831,-293715.4,564.3333333
832,-293508.3,552.0
833,-292844.6,500.6666667
834,-292583.8,488.6
835,-291916.2,520.6666667
836,-291676.4,482.4
837,-291008.9,453.6666667
838,-290817.7,444.2
839,-290438.2,453.25
840,-290079.2,448.1
841,-289683.2,458.8
842,-289278.5,454.3
843,-288218.4,524.0
844,-287901.1,546.9
845,-287574.7,531.4
846,-287240.7,529.9
847,-286883.2,532.3
848,-286531.5,510.9
849,-286176.4,520.9
850,-285877,513.8
851,-285544.6,528.8
852,-285208.9,520.1520464
853,-284887.7,506.5
854,-284545.1,500.0
855,-284185.8,495.2
856,-283838.9,485.8
857,-283481.4,469.6
858,-283120.3,457.4
859,-282782.8,476.5
860,-282415.6,464.6
861,-282036,508.5
862,-281661,498.6
863,-281303.2,471.0
864,-280941,452.7
865,-280560.5,425.1
866,-280171.2,468.4
867,-279782.4,456.9
868,-279351.7,447.9
869,-278942.6,461.6
870,-278396.2,473.0
871,-278197.3,454.8
872,-277817.5,463.0
873,-277362.9,419.7
874,-276760.3,438.4
875,-276506.2,428.4489403
876,-275845.2,465.8
877,-275599.3,479.5
878,-275151.3,451.8451914
879,-274723.7,467.3
880,-274320.1,503.8
881,-273874.4,478.8
882,-273407.5,455.2
883,-272933.7,475.4
884,-272465.7,463.4
885,-271998.1,467.4
886,-271552.5,482.8
887,-270832.7,451.4
888,-270561.9,470.2
889,-269882.1,445.3710351
890,-269656.6,453.0
891,-269167.4,458.4
892,-268697.5,440.9
893,-268251.9,460.0
894,-267592.9,439.0
895,-267347.8,454.2
896,-266897.9,423.4
897,-266445.5,454.2
898,-266005.3,418.1
899,-265566.5,413.8
900,-265117.7,425.3
901,-264678.9,384.1851554
902,-264279.9,416.6
903,-263843.2,422.4
904,-263418.5,411.9
905,-263027.7,414.5
906,-262645.3,398.4
907,-262272.6,417.2
908,-261892.8,413.7
909,-261511.9,461.9
910,-261190.8,508.7
911,-260795.1,481.5
912,-260386.5,480.0
913,-259998,442.5
914,-259608.8,423.5
915,-259206.9,451.8
916,-258849,455.7
917,-258456.2,433.5
918,-258066.7,451.4
919,-257721.1,473.4
920,-257328.7,430.25
921,-256941.1,495.8
922,-256562,509.8
923,-256213.2,492.7
924,-255671.6,450.1
925,-255489.7,464.9
926,-255128.3,483.4
927,-254743.4,466.0
928,-254349.8,474.8
929,-254016.2,448.1
930,-253597.4,422.2
931,-253204,441.7
932,-252836.7,405.2
933,-252492.4,420.2
934,-251959.4,427.3
935,-251738.3,425.85
936,-251351,398.2
937,-250980.1,400.5
938,-250592.4,396.2
939,-250206.6,395.2
940,-249781.5,400.8
941,-248669.7,431.8
942,-248311.1,408.4
943,-247957.4,413.4
944,-247595.7,410.0
945,-247229.4,408.2
946,-246900.7,465.8
947,-246578,472.8
948,-246088.4,539.6
949,-245911,524.8
950,-245612.6,524.7
951,-245122.5,544.8
952,-244934.3,507.5
953,-244582.3,513.1
954,-244242.7,485.5
955,-243933.7,475.3
956,-243644.8,494.0
957,-243272.4,503.0
958,-243129.7,501.8
959,-242899.7,519.0
960,-242659.6,523.3
961,-242435.2,528.2
962,-242204.8,528.0
963,-241971.9,541.2
964,-241755.5,546.1
965,-241488.3,557.7
966,-241396,537.9
967,-240973.1,541.8
968,-240882.5,525.0
969,-240722.7,519.2
970,-240647.2,515.3333333
971,-240559.5,520.9
972,-240406.2,539.2
973,-240328.4,523.0
974,-240248.2,594.3
975,-240096.1,680.0
976,-240027,696.0
977,-239957,673.4
978,-239804.4,653.4
979,-239739.8,667.3333333
980,-239667.3,648.2
981,-239427.7,661.2333333
982,-239328.5,641.3
983,-239153.6,622.7
984,-239074.9,627.0
985,-238987.4,610.9
986,-238810.5,615.7
987,-238720.5,616.0
988,-238628.8,609.2
989,-238440.8,599.0
990,-238353.1,605.6666667
991,-238262.5,600.7
992,-238076.7,591.8
993,-237984.3,597.0
994,-237885,594.15
995,-237711.3,562.3
996,-237624.3,577.3333333
997,-237540.2,566.1
998,-237318.2,563.8
999,-237203.7,578.6666667
1000,-237098.5,564.5
1001,-236998.4,559.15
1002,-236897.7,549.0
1003,-236803.8,587.6666667
1004,-236690.5,549.2
1005,-236464.7,549.7
1006,-236368.4,566.0
1007,-236158.9,553.7
1008,-236030.6,557.1
1009,-235924.3,565.0
1010,-235815.2,539.0
1011,-235482,547.65
1012,-235359,545.1
1013,-235158.4,543.1
1014,-235041.7,554.0
1015,-234911.5,529.3
1016,-234661,518.4
1017,-234439.5,511.9
1018,-234150.6,481.15
1019,-233969.8,508.15
1020,-233742.2,498.8
1021,-233477.1,478.2
1022,-233128.3,461.9
1023,-232987.1,519.2333333
1024,-232731.2,452.5
1025,-232480.5,433.4
1026,-232199.3,425.5
1027,-231924.4,429.9
1028,-231642.5,456.8
1029,-231377.1,429.2
1030,-231102.7,419.4
1031,-230811.3,434.2
1032,-230483.9,440.2
1033,-230184.7,432.8
1034,-229894,429.3
1035,-229454.9,431.4
1036,-229259.7,428.8
1037,-228913.6,417.3
1038,-228571.5,456.2
1039,-228230.9,506.3333333
1040,-227927.3,474.3
1041,-227470.8,464.3
1042,-227310.6,472.5
1043,-226991.5,471.4
1044,-226642.2,489.5
1045,-226297.2,516.8
1046,-225938,490.5
1047,-225582.2,504.3
1048,-225235.2,502.6
1049,-224763.2,546.8
1050,-224587.3,547.0
1051,-224306.1,532.0
1052,-223956.4,555.9
1053,-222950.3,515.7
1054,-222737.2,496.1
1055,-222381.5,475.8
1056,-221918.2,504.15
1057,-221652.1,463.95
1058,-221316.2,489.2
1059,-220979.1,542.5
1060,-220629,519.1
1061,-220338.2,528.2
1062,-220034.7,503.6
1063,-219693.6,495.4
1064,-219373.9,500.7
1065,-219038,488.2
1066,-218728.5,490.9
1067,-218426.1,484.0
1068,-218114.8,476.5
1069,-217825.3,537.6
1070,-217542.5,507.6
1071,-217266.4,488.8
1072,-216997.6,469.4
1073,-216733,460.5
1074,-216475.2,495.4
1075,-216217.9,459.6
1076,-215816.7,452.7
1077,-215691.6,445.3
1078,-215456.1,451.9
1079,-215216.4,443.1
1080,-214989.7,454.4
1081,-214452.4,479.8
1082,-213964.5,456.9
1083,-213480.9,505.6666667
1084,-213015.3,568.6
1085,-212568.5,561.3333333
1086,-212102.3,590.7
1087,-211638.1,573.6666667
1088,-211179.3,573.2
1089,-210742,585.6666667
1090,-210311.4,583.0
1091,-209851.5,576.7
1092,-209400,593.2
1093,-208954.1,579.3333333
1094,-208528.4,558.3
1095,-208103.3,565.3333333
1096,-207662.6,547.9
1097,-207202.5,532.3333333
1098,-206762.9,511.0
1099,-206403.3,515.0
1100,-205835.9,504.4
1101,-205390.3,512.6
1102,-204902.1,499.2
1103,-204401.2,487.0
1104,-203931.5,505.5
1105,-203425.8,490.0
1106,-202936.1,487.7
1107,-202401.2,462.0
1108,-201846.6,493.0
1109,-201301.8,435.6666667
1110,-200725.6,489.4
1111,-200213,466.3
1112,-199708.6,541.3
1113,-199343.5,538.6666667
1114,-198791.2,529.7
1115,-198398.2,539.0
1116,-197400,627.3333333
1117,-196953.6,667.5
1118,-196515,609.3333333
1119,-196085.7,598.4
1120,-195632,579.4
1121,-195165.1,588.8
1122,-194666.2,564.3333333
1123,-194154.4,548.0
1124,-193655.3,534.0
1125,-193112.9,530.1
1126,-192550.4,487.6666667
1127,-191965.4,472.1
1128,-191329.1,493.3333333
1129,-190741.6,502.8
1130,-190150.3,511.9
1131,-189652.2,495.5
1132,-189120.2,471.0
1133,-188309.4,470.0
1134,-187650.5,432.3333333
1135,-187072.5,423.3
1136,-186546.5,425.0
1137,-185981.4,461.85
1138,-185465.6,446.0
1139,-184962.1,436.5
1140,-184255.8,447.2
1141,-183592.6,458.7
1142,-182905.3,475.6666667
1143,-182257.7,513.9
1144,-181766.4,532.0
1145,-180964.6,529.9
1146,-180323.2,527.6666667
1147,-179614.1,495.9
1148,-179069.2,496.3333333
1149,-178269.5,489.9
1150,-177626.7,451.9
1151,-176969.1,482.5
1152,-176470.6,479.3333333
1153,-175827.6,541.6
1154,-175301.1,550.3333333
1155,-174724,546.8
1156,-174079.2,499.0
1157,-173390.7,466.1
1158,-172788.6,471.3333333
1159,-172236.1,457.3
1160,-171683,427.3
1161,-171188.6,455.9
1162,-170480.1,433.0
1163,-169396.5,480.0
1164,-168816,484.2
1165,-168213.4,447.5
1166,-167602.7,442.3
1167,-167050.5,478.0
1168,-166542.4,444.9
1169,-166061.3,495.9
1170,-165539.9,495.3
1171,-164956.6,479.3333333
1172,-164359.5,449.3
1173,-163782.6,433.0
1174,-163198.4,423.8
1175,-162599.2,383.5
1176,-162023.9,392.9
1177,-161415,417.0
1178,-160896.2,410.9
1179,-160371.1,442.0
1180,-159839.6,413.0
1181,-159388.7,423.6666667
1182,-158660.9,410.1
1183,-158058.2,415.3333333
1184,-157526.4,406.9
1185,-157047.7,440.0
1186,-156569.6,407.2
1187,-156047.2,410.0
1188,-155480.7,400.2
1189,-154832.8,421.7
1190,-154208,399.2
1191,-153614.5,406.6666667
1192,-153071.8,384.5
1193,-152514.6,393.3333333
1194,-151972.2,402.6
1195,-151388.3,401.5
1196,-150831.3,413.0
1197,-150410.9,425.6666667
1198,-149764.5,422.0
1199,-149233.2,432.2
1200,-148698,400.1
1201,-148176.3,404.3333333
1202,-147685.7,441.2
1203,-147240.1,432.6666667
1204,-146632,427.8
1205,-146084.1,470.6666667
1206,-145559.4,423.4
1207,-145097.6,421.0
1208,-144482.5,409.8
1209,-144078.8,402.3
1210,-143448.7,390.9
1211,-142883.7,375.3333333
1212,-142352.1,400.875
1213,-141848.9,401.3333333
1214,-141259.8,385.1
1215,-140827.4,375.3333333
1216,-140216.7,368.1
1217,-139667.6,359.0
1218,-139124.6,349.1
1219,-138567.8,342.4
1220,-138021.2,357.7
1221,-137455.1,432.3333333
1222,-136919,367.6
1223,-136501,405.6666667
1224,-135868.8,394.9
1225,-135574.5,394.6666667
1226,-134855.5,375.0
1227,-134422.2,408.6666667
1228,-133852.9,381.5
1229,-133351.9,403.6
1230,-132850.1,415.1
1231,-132438.7,436.3333333
1232,-132034.3,427.5
1233,-131653.1,506.3333333
1234,-131289.4,448.8
1235,-130925.9,460.3333333
1236,-130596.2,461.7
1237,-130257.7,461.3333333
1238,-129955.9,455.8
1239,-129674.2,479.2
1240,-129401.1,494.1
1241,-129162.8,493.0
1242,-128924.5,487.1
1243,-128689.7,518.0
1244,-128459,521.2
1245,-128283.1,499.3333333
1246,-128060.6,512.1
1247,-127856.2,515.0
1248,-127678.5,531.0
1249,-127494.5,550.7
1250,-127323.8,551.5
1251,-127147.1,536.6666667
1252,-126971.4,534.5
1253,-126800.1,644.0
1254,-126635,725.5
1255,-126472.9,722.3333333
1256,-126320,703.6
1257,-126158.4,715.0
1258,-125982.5,706.0
1259,-125823.5,692.1
1260,-125687.1,678.8
1261,-125646.4,681.1
1262,-125471.1,677.0
1263,-125277.8,670.3
1264,-125080.2,646.0
1265,-124905.6,650.4
1266,-124728.9,651.3333333
1267,-124536.5,639.7
1268,-124321.5,659.6666667
1269,-124108.7,650.2
1270,-123914.7,657.875
1271,-123683.9,655.7
1272,-123486,646.6666667
1273,-123274.9,642.2
1274,-123070.9,641.6666667
1275,-122872.3,626.6
1276,-122703.6,632.0
1277,-122439.9,621.8
1278,-122243.1,621.3333333
1279,-122048.4,613.5
1280,-121850.2,611.1
1281,-121639.2,616.3
1282,-121438,615.0
1283,-121231.5,608.3
1284,-121052.6,606.8333333
1285,-120817,606.5
1286,-120605.4,599.0
1287,-120406.5,608.4
1288,-120210.6,607.3333333
1289,-119997.3,608.7
1290,-119791.9,603.2
1291,-119586.2,609.8
1292,-119384.1,613.0
1293,-119173.1,600.8
1294,-118964.7,598.0
1295,-118763.4,613.3
1296,-118546.9,590.6666667
1297,-118323.1,567.8
1298,-118119.7,575.6666667
1299,-117891.7,566.4
1300,-117679.3,571.2
1301,-117462.1,566.5
1302,-117290.1,590.6666667
1303,-117013,578.5
1304,-116793.5,577.6666667
1305,-116559,565.4
1306,-116319.2,578.6666667
1307,-116085.6,544.7
1308,-115865.7,548.0
1309,-115390.1,546.2
1310,-115145,533.3
1311,-114892.3,543.6666667
1312,-114649.2,528.0
1313,-114388.1,504.3333333
1314,-114122.5,495.1
1315,-113862.5,501.0
1316,-113586.3,496.0
1317,-113315.4,501.3333333
1318,-113052.4,472.2
1319,-112778.8,473.6
1320,-112506.2,473.1
1321,-111937.4,470.7
1322,-111646.1,470.6666667
1323,-111383.5,451.0
1324,-111002.8,466.6666667
1325,-110683.4,463.55
1326,-110360.7,455.0
1327,-110035.1,455.5
1328,-109699.4,474.3
1329,-109359.2,472.7
1330,-109032.2,496.3333333
1331,-108719.7,491.7
1332,-108380,504.6666667
1333,-108043.2,502.4
1334,-107698.7,508.6666667
1335,-107360.7,495.1
1336,-107011.5,507.6666667
1337,-106626.5,485.6
1338,-106234.6,474.7
1339,-105868.1,464.0
1340,-105530.1,460.0
1341,-105207.2,444.8
1342,-104898.8,483.0
1343,-104597.7,590.5
1344,-104325.6,595.3333333
1345,-104041.7,601.4
1346,-103749,617.6666667
1347,-103414.2,572.0
1348,-103084.3,595.8
1349,-102773.9,602.0
1350,-102469.8,581.3333333
1351,-102154.2,573.3
1352,-101837.3,559.0
1353,-101508.4,515.4
1354,-101206.6,498.3333333
1355,-100892.9,469.5
1356,-100592.3,472.3333333
1357,-100294.7,508.9
1358,-100072.4,490.8
1359,-99740.6,510.9
1360,-99481.1,542.3333333
1361,-99219.1,538.0
1362,-98948.9,547.0
1363,-98669.2,537.4
1364,-98378.7,547.0
1365,-98074.2,529.5
1366,-97805.3,530.3333333
1367,-97542,525.1
1368,-97272.5,525.8
1369,-96992.1,526.2
1370,-96715.5,523.6666667
1371,-96443,512.0
1372,-96194.7,511.3333333
1373,-95934.3,506.0
1374,-95672.2,504.6666667
1375,-95396.1,487.4
1376,-95134.7,491.0
1377,-94876.2,501.1
1378,-94607.1,495.0
1379,-94348.1,478.9
1380,-94070.9,485.6666667
1381,-93808.8,464.2
1382,-93537.9,453.0
1383,-93285.8,434.9
1384,-93013,442.0
1385,-92751.3,452.6
1386,-92506.5,436.3333333
1387,-92247.9,453.9
1388,-91990.8,434.0
1389,-91732.8,442.1
1390,-91481.3,435.6666667
1391,-90941.5,439.0
1392,-90662.2,441.9
1393,-90396,437.3333333
1394,-90113.1,436.9
1395,-89846.5,447.3333333
1396,-89601.9,447.5
1397,-89288,432.3
1398,-89012,436.6
1399,-88743.5,460.6666667
1400,-88449.7,447.3
1401,-88164.1,445.0
1402,-87631,463.3333333
1403,-87372.2,475.8
1404,-87111.4,493.6666667
1405,-86828.2,494.3
1406,-86558.8,500.8666667
1407,-86250.5,507.8
1408,-85950.7,502.3333333
1409,-85664.2,506.5
1410,-85389.5,479.6666667
1411,-85054.4,445.6
1412,-84776.4,448.0
1413,-84521.6,428.5
1414,-84258.4,468.0
1415,-83996.1,425.2
1416,-83816.3,429.2
1417,-83491.4,454.1
1418,-83254.9,452.3333333
1419,-82999.4,442.8
1420,-82751.1,450.3333333
1421,-82511.1,444.7
1422,-82275.1,464.0
1423,-82022.3,465.0
1424,-81788.8,485.3333333
1425,-81561,514.6
1426,-81326.5,559.7
1427,-81116.6,631.3
1428,-80916,629.3333333
1429,-80689.5,622.3
1430,-80468.1,616.3333333
1431,-80262.1,616.7
1432,-80033.4,605.5
1433,-79791.1,571.0
1434,-79573.5,595.3333333
1435,-79334,576.1
1436,-79126.3,584.0
1437,-78851.9,547.6
1438,-78619.7,549.3333333
1439,-78371.9,549.8
1440,-78153.6,535.3333333
1441,-77923.9,563.0
1442,-77675.6,536.0
1443,-77447.7,514.9
1444,-77196.6,515.0
1445,-76960.5,512.3
1446,-76695.5,496.975
1447,-76415.5,487.4
1448,-76200.2,477.0
1449,-75935.2,463.3
1450,-75644.3,450.3333333
1451,-75367,475.1
1452,-75106.3,472.0
1453,-74846.2,441.6
1454,-74579.2,441.6666667
1455,-74291,465.8
1456,-74022.1,422.2
1457,-73762.1,437.5
1458,-73474.6,424.3333333
1459,-73188.8,414.8
1460,-72934.7,415.6666667
1461,-72681.3,460.7
1462,-72441,476.6666667
1463,-72206.9,467.1
1464,-71966.1,469.0
1465,-71735.1,460.7
1466,-71482.9,451.1
1467,-71175.3,452.3
1468,-70904.1,447.6666667
1469,-70579,452.8
1470,-70258.7,457.3333333
1471,-69941,432.1
1472,-69660.9,432.0
1473,-69403.2,430.9
1474,-69148.4,448.6666667
1475,-68915.6,481.5
1476,-68683.3,475.4
1477,-68494.6,469.8
1478,-68221.2,472.6666667
1479,-67982.7,489.8
1480,-67636.3,450.3333333
1481,-67410.3,462.1
1482,-67026,460.0
1483,-66734.3,473.7
1484,-66329.4,456.0
1485,-66086,450.7
1486,-65782.4,479.6
1487,-65482.3,470.5
1488,-65126.2,452.6666667
1489,-64867.7,459.3
1490,-64538.7,449.3333333
1491,-64305.1,460.7
1492,-63976.1,444.0
1493,-63665.2,475.6
1494,-63308.9,456.6666667
1495,-63034,461.1
1496,-62703.9,461.9
1497,-62400,439.7
1498,-62067.2,434.0
1499,-61817,488.8
1500,-61482.2,484.0
1501,-61253,467.5
1502,-60868.7,444.0
1503,-60605.5,443.7
1504,-60251.8,430.0
1505,-60007.1,438.7
1506,-59696.9,430.8
1507,-59100.8,431.6666667
1508,-58898.2,436.61
1509,-58862,412.0
1510,-58597.8,425.3333333
1511,-58390.5,430.1
1512,-58098.6,426.3333333
1513,-57914.9,442.7
1514,-57640.3,425.0
1515,-57416,434.9
1516,-57103.6,441.8
1517,-56930,454.2
1518,-56660.1,523.0
1519,-56441.3,502.1
1520,-56207.7,554.0
1521,-56042.7,561.1
1522,-55771.2,519.6666667
1523,-55585.6,514.8
1524,-55306.4,541.6666667
1525,-54893.1,553.9
1526,-54840,542.9
1527,-54642.3,550.1
1528,-54366.2,546.0
1529,-53856.6,483.0
1530,-53845.6,534.2
1531,-53642.4,466.0
1532,-53338.1,460.6666667
1533,-53135.1,514.37
1534,-52880.6,475.6666667
1535,-52452.7,461.6
1536,-52150.3,437.04
1537,-51922,438.0
1538,-51738.5,438.15
1539,-51481.6,513.0
1540,-51248.7,535.1
1541,-51039.4,530.0
1542,-50864,529.3
1543,-50582.2,542.6666667
1544,-50398.5,566.5
1545,-50169.7,526.6
1546,-49933.2,530.9
1547,-49670.8,517.0
1548,-49476.5,544.03
1549,-49193.8,515.0
1550,-48970.8,510.15
1551,-48672.4,493.0
1552,-48490.5,489.02
1553,-48241.6,469.6666667
1554,-47940,491.65
1555,-47765.5,451.8
1556,-47538.2,433.5
1557,-47307.4,464.0
1558,-46988.5,461.23
1559,-46727.5,435.0
1560,-46223,414.0
1561,-46002.4,452.8
1562,-45718.3,436.6666667
1563,-45521.1,424.5
1564,-45270.9,441.4
1565,-45237.7,432.1
1566,-45038.2,440.27
1567,-44794.9,493.0
1568,-44598.5,499.35
1569,-44389.4,514.0
1570,-44263.5,497.47
1571,-43927.2,499.3333333
1572,-43748.1,487.05
1573,-43464.1,466.6666667
1574,-43284,489.81
1575,-43038.9,461.6666667
1576,-42724.6,468.67
1577,-42452.6,427.3333333
1578,-42212.2,430.6
1579,-41912.9,411.3333333
1580,-41639.7,415.43
1581,-41486.5,437.4
1582,-41395.2,463.0
1583,-41168.7,481.5
1584,-41086,486.3
1585,-40934,470.0
1586,-40889.4,471.4
1587,-40728.9,446.4
1588,-40546.1,455.9
1589,-40346.2,415.111879
1590,-40212.8,416.1
1591,-40101.3,429.0461436
1592,-39976.8,413.8794188
1593,-39736.8,458.1
1594,-39510.9,467.2
1595,-39419.9,464.6666667
1596,-39401,465.1
1597,-39315.1,461.9
1598,-39307.1,465.3
1599,-39273,457.4
1600,-39215.6,441.68
1601,-39159.5,433.4
1602,-39118.5,433.9
1603,-39107.6,419.7
1604,-39000.9,433.3
1605,-38909.7,422.3833333
1606,-38897.8,446.9
1607,-38853.9,426.2
1608,-38698.6,418.5
1609,-38685.6,413.0
1610,-38475,420.1
1611,-38420.8,429.0
1612,-38343.5,449.9
1613,-38268.5,440.4028598
1614,-38260.5,447.5
1615,-38212.1,442.4
1616,-38101.8,413.5
1617,-38080.8,422.3
1618,-38046.9,423.8
1619,-37857.8,410.9
1620,-37840.6,418.7
1621,-37804,418.7
1622,-37640.9,427.0
1623,-37422.8,443.7
1624,-37225.6,450.1
1625,-37069.7,441.3
1626,-36847.4,455.1
1627,-36471.1,440.15
1628,-36287.2,443.0
1629,-36095.1,526.275
1630,-35943.3,481.0
1631,-35898.6,539.5
1632,-35801.2,539.0
1633,-35725.2,546.675
1634,-35609,543.9
1635,-35574.1,556.7
1636,-35564.5,560.4
1637,-35456.1,580.4
1638,-35416.6,563.275
1639,-35348.3,571.9
1640,-35249.9,548.2
1641,-35237.6,536.3
1642,-35176.9,586.7
1643,-35038.2,534.375
1644,-34986.9,533.6
1645,-34662.6,523.8
1646,-34572.2,494.45
1647,-34423.6,468.5
1648,-34358.1,470.8
1649,-34154.4,441.3
1650,-34049.7,440.3
1651,-33942.9,440.75
1652,-33890.7,425.2
1653,-33814.1,425.6
1654,-33699.7,444.0
1655,-33539.4,420.6
1656,-33380.3,426.9
1657,-33288.1,491.85
1658,-33231.1,497.7
1659,-33110.5,514.3
1660,-32995.5,512.5
1661,-32954.4,519.85
1662,-32950.6,519.2
1663,-32718.2,489.0
1664,-32627.5,457.0
1665,-32580.7,447.05
1666,-32387.2,428.0
1667,-32234.8,430.0
1668,-32129.2,430.075
1669,-32095.8,420.4
1670,-31906.6,419.0
1671,-31859.5,415.4
1672,-31784.6,425.9
1673,-31737.9,478.7
1674,-31530.2,460.9
1675,-31298.4,444.3
1676,-31251.8,443.3
1677,-31198.4,439.6
1678,-31110,427.65
1679,-31076.2,423.5
1680,-30953.8,432.0
1681,-30863.6,414.5
1682,-30817.7,404.0
1683,-30694.6,404.6
1684,-30637.6,410.4
1685,-30464.5,409.15
1686,-30419.9,451.9
1687,-30303.6,430.625
1688,-30213,470.8
1689,-30119.4,457.4
1690,-29945.2,440.9
1691,-29842.9,421.625
1692,-29805.9,426.5
1693,-29453.9,412.0
1694,-29247.6,404.425
1695,-29024.4,391.7
1696,-28810.6,408.475
1697,-28668.2,409.7
1698,-28197.8,392.375
1699,-28029.6,399.3
1700,-27751,391.0
1701,-27368.7,367.7
1702,-27140.9,388.3
1703,-26813.5,443.875
1704,-26552,414.0
1705,-26335.5,402.375
1706,-26185.6,399.0
1707,-25945.7,381.925
1708,-25729.9,426.3
1709,-25553.5,406.3
1710,-25385.9,395.85
1711,-25123.9,386.2
1712,-24968,387.0
1713,-24681.1,396.3
1714,-24039.6,364.125
1715,-23874.4,355.0
1716,-23649.1,365.0
1717,-23379.2,369.7
1718,-22977.4,372.475
1719,-22771.1,388.7
1720,-22565.5,372.7
1721,-22349,360.0
1722,-22134.1,375.1
1723,-21938.1,398.0
1724,-21797.4,386.475
1725,-21522.2,389.7
1726,-21328.7,389.75
1727,-21179.6,390.0
1728,-20945,384.65
1729,-20767.9,407.3
1730,-20035.6,355.3
1731,-19836.3,357.3
1732,-19519.5,357.0
1733,-19267.6,353.7
1734,-19004.1,364.8082455
1735,-18757.8,378.3
1736,-18518.6,366.7327831
1737,-18515.5,383.75
1738,-18174.3,375.3
1739,-18013.4,373.7419869
1740,-17742.9,351.3
1741,-17730,356.3
1742,-17529,377.0
1743,-17500.7,358.0826297
1744,-17366.5,365.7
1745,-16940.4,378.7
1746,-16923.3,372.7418456
1747,-16568.7,371.0
1748,-16558,378.336
1749,-16540.1,370.9
1750,-16306.2,375.3
1751,-15973.3,371.3
1752,-15958.7,377.2381364
1753,-15838.8,366.3
1754,-15592.7,383.7
1755,-15580.8,366.152
1756,-15555.7,375.4
1757,-15366.4,371.3
1758,-15124.6,388.8398486
1759,-15095.8,395.4
1760,-14882.5,381.3
1761,-14876.1,408.3
1762,-14667.1,404.1524256
1763,-14654.3,409.2
1764,-14480,404.7
1765,-14292.5,427.3
1766,-14263.3,423.7
1767,-14110.3,418.7
1768,-13920,473.3
1769,-13915.1,438.4386673
1770,-13894.1,441.2
1771,-13605,456.0
1772,-13595.2,441.3803499
1773,-13442.8,451.7
1774,-13266.7,451.0
1775,-13252.6,463.0097119
1776,-13016.2,475.7
1777,-12919.7,469.8641497
1778,-12760.9,459.3
1779,-12604.6,468.6689331
1780,-12596.8,469.6166667
1781,-12584.5,461.0
1782,-12361.7,476.0199447
1783,-12339.1,464.7
1784,-12059.8,568.8756288
1785,-12001,596.8829014
1786,-11991.8,578.3
1787,-11821.4,611.7
1788,-11696,630.0
1789,-11687.3,623.2599844
1790,-11674.6,618.6
1791,-11547.3,613.0
1792,-11477.9,618.7
1793,-11468.2,624.8581951
1794,-11406.1,628.4335
1795,-11305.2,645.7
1796,-11128.6,653.3
1797,-11119.8,670.4033836
1798,-10959.7,661.7
1799,-10933.8,661.4955
1800,-10797.3,646.0
1801,-10785.5,610.4635896
1802,-10654.9,643.3
1803,-10534.8,627.0
1804,-10526.8,650.993563
1805,-10387.5,542.0
1806,-10143.5,478.5904994
1807,-10088.8,466.7
1808,-10083,480.2567037
1809,-9971.2,462.3
1810,-9858.3,482.7
1811,-9848.3,462.0160152
1812,-9766.6,477.3
1813,-9674.6,467.7
1814,-9660.3,488.431719
1815,-9459.9,469.0
1816,-9382.6,559.0
1817,-9374.9,643.4884398
1818,-9266.2,664.7
1819,-9180.1,654.3
1820,-9173.6,652.519
1821,-9127.8,633.3
1822,-9116.4,650.4022932
1823,-8974.5,703.0
1824,-8921.6,679.2116836
1825,-8867.5,673.3
1826,-8861.6,693.5484963
1827,-8757.1,680.7
1828,-8708.7,684.5189354
1829,-8661.9,666.0
1830,-8654.3,671.3971893
1831,-8567.5,652.0
1832,-8528.2,668.6787834
1833,-8459,661.3
1834,-8443.6,672.163994
1835,-8323.5,688.0
1836,-8302.5,682.4566084
1837,-8253.7,678.0
1838,-8241.6,694.2864599
1839,-8147.7,698.0
1840,-8086.2,717.0515
1841,-8011.5,678.0
1842,-7932.1,685.0
1843,-7885,674.6233881
1844,-7850.9,682.3
1845,-7844.2,669.5888899
1846,-7768.8,673.840889
1847,-7749.5,676.3
1848,-7689.8,693.0557214
1849,-7641.6,683.3
1850,-7636.6,688.95
1851,-7583,685.4014167
1852,-7559.5,682.3
1853,-7509.5,675.3505458
1854,-7441.2,676.3347122
1855,-7361.8,673.7
1856,-7355,670.9140778
1857,-7331.4,675.0227138
1858,-7257.3,663.3
1859,-7198.8,666.430382
1860,-7185.4,665.0
1861,-7183.6,664.0419989
1862,-7134.8,664.7
1863,-7130.8,671.35
1864,-7070.1,663.5094977
1865,-7010.9,670.7
1866,-6955.7,647.6441176
1867,-6891.6,657.3
1868,-6881.5,673.7165
1869,-6821.2,657.5
1870,-6813.9,676.1815996
1871,-6758.1,675.4418396
1872,-6697.6,659.0
1873,-6693.9,670.74
1874,-6599.3,657.3
1875,-6572.8,661.5987688
1876,-6502,653.7
1877,-6485.4,654.1022348
1878,-6427.8,659.7
1879,-6420.7,648.0380811
1880,-6381,664.5976184
1881,-6323.2,649.3
1882,-6319.4,647.171
1883,-6251.6,659.5559579
1884,-6221.2,640.7
1885,-6205.2,641.85
1886,-6158.4,640.3333333
1887,-6139.3,651.0
1888,-6117.7,623.9108336
1889,-6115.7,632.6666667
1890,-6103,626.4409586
1891,-6088.6,605.7
1892,-6062.1,632.3333333
1893,-6035.4,659.97201
1894,-6006.6,624.3
1895,-5962.8,613.0637808
1896,-5941.8,589.0
1897,-5924,612.3333333
1898,-5921,600.0956824
1899,-5906.6,597.7
1900,-5891.3,620.0
1901,-5873.3,613.6666667
1902,-5828.2,612.4652947
1903,-5818.8,610.7
1904,-5811.5,619.5308021
1905,-5772.8,617.9202967
1906,-5754,623.3333333
1907,-5738.2,619.5719928
1908,-5719.5,623.0
1909,-5709.9,619.0693297
1910,-5666.3,619.9539491
1911,-5622.6,622.7
1912,-5593.5,616.5103982
1913,-5573.2,617.0
1914,-5547.5,609.7
1915,-5546.4,625.2244872
1916,-5479.5,617.44583
1917,-5458.4,602.443527
1918,-5455.4,611.7
1919,-5360.4,623.1917464
1920,-5338.7,601.7
1921,-5303.2,618.226687
1922,-5259.4,618.3
1923,-5177.4,622.5149715
1924,-5155.9,607.3
1925,-5154.9,612.446
1926,-5069.7,609.7
1927,-5065.6,631.0443895
1928,-5010.5,613.5436639
1929,-4973.5,607.0
1930,-4951.2,632.5764859
1931,-4866.6,605.3
1932,-4787.9,607.9864841
1933,-4758.7,603.3
1934,-4757.6,635.9298692
1935,-4740.9,603.6
1936,-4686.7,606.5437038
1937,-4659.7,595.3
1938,-4656.8,601.4185
1939,-4648.4,599.0
1940,-4591.8,601.6308641
1941,-4552.8,601.5953347
1942,-4502.9,616.8977809
1943,-4453.6,587.7
1944,-4434.7,587.1366406
1945,-4400.2,581.0495945
1946,-4396.3,580.0
1947,-4391.2,577.119004
1948,-4354.3,591.9237093
1949,-4313.5,583.1917793
1950,-4306.5,577.0
1951,-4301.6,590.127
1952,-4165.6,589.8184557
1953,-4108,596.6476978
1954,-4083,581.0
1955,-4079,597.1554737
1956,-4072,591.7
1957,-4043.2,602.4646452
1958,-4039,564.0
1959,-3964.7,584.4424811
1960,-3920.2,569.9914556
1961,-3884,575.0
1962,-3762,586.1507089
1963,-3734.4,584.3
1964,-3706.9,581.4602016
1965,-3703.2,569.7
1966,-3700.5,577.6611797
1967,-3693.2,571.3
1968,-3647.9,591.1240422
1969,-3606.5,568.3
1970,-3599.6,563.4806102
1971,-3575.9,580.6022905
1972,-3523.7,579.5658932
1973,-3508.2,566.0
1974,-3468.1,570.1361675
1975,-3413.6,565.0
1976,-3387.1,576.801097
1977,-3322.2,564.2
1978,-3319.5,560.745267
1979,-3271.3,573.7062461
1980,-3206.2,558.3
1981,-3199.1,552.665624
1982,-3161.5,550.596
1983,-3117.6,563.0
1984,-3051.6,561.0
1985,-2918.3,567.7
1986,-2914.4,572.6807521
1987,-2899,569.9
1988,-2873,578.5428881
1989,-2805.3,563.3
1990,-2789.9,569.902
1991,-2751.3,559.6650635
1992,-2732.8,563.0
1993,-2674.5,559.659818
1994,-2639.3,579.7013541
1995,-2600.8,559.5086695
1996,-2546,580.0672454
1997,-2523.5,561.7
1998,-2520.6,582.4490752
1999,-2510.6,568.1
2000,-2489.5,569.8833134
2001,-2415.9,569.7
2002,-2406.8,583.993827
2003,-2375.4,579.021
2004,-2359.1,567.7
2005,-2355.3,577.3
2006,-2223.3,581.8659941
2007,-2191.5,570.3
2008,-2131.7,563.0
2009,-2128.8,575.7
2010,-2044.1,567.7
2011,-2036.2,548.9266811
2012,-2014.5,575.1261252
2013,-1954.7,578.3925521
2014,-1941.9,573.5
2015,-1823.2,575.8749785
2016,-1746.5,580.7
2017,-1740.3,578.0
2018,-1663.6,577.7
2019,-1652.3,595.6684431
2020,-1622.1,574.5989508
2021,-1566.9,559.5379345
2022,-1556.2,569.8
2023,-1483.1,572.7
2024,-1409.7,589.1519454
2025,-1357.6,581.3
2026,-1260.1,567.7
2027,-1189.2,589.4574439
2028,-1156.8,576.0
2029,-1076.2,572.7
2030,-1048.1,581.1818009
2031,-927.3,577.0
2032,-907.1,577.0200136
2033,-850.1,578.3
2034,-843.3,579.6288433
2035,-784.8,582.517837
2036,-773.6,587.9
2037,-769.5,580.0
2038,-766.5,590.3055
2039,-674.1,586.3685968
2040,-651.8,591.7
2041,-568.8,590.0
2042,-564.8,603.0
2043,-531.8,578.8931934
2044,-473.6,591.7
2045,-463.6,604.4481798
2046,-438.7,592.8089959
2047,-375,597.0
2048,-371,594.1057316
2049,-359.2,594.7
2050,-324.6,597.3161697
2051,-257.8,601.7
2052,-168.9,608.7
2053,-164.9,594.286
2054,-154.1,590.6
2055,-94.8,603.7
2056,-44.6,599.2280749
2057,-1.3,605.4002909
2058,43,613.3
2059,157.1,613.0
2060,175.6,617.6147798
2061,223.6,623.0776819
2062,232.8,614.5
2063,272.7,623.4050771
2064,321.4,623.3
2065,330.4,610.2707956
2066,399,630.437945
2067,423.1,631.7
2068,507.4,638.2916239
2069,519.2,631.3
2070,600.6,650.2330673
2071,612.2,634.9288889
2072,701.6,634.8718624
2073,724.8,628.7
2074,732.9,642.6591809
2075,818.4,643.7
2076,858.1,633.223011
2077,912.8,634.7
2078,1003.9,636.2143933
2079,1008,
2080,1010.6,640.2
2081,1048,
2082,1053.1,647.9198051
2083,1080.7,647.0
2084,1088.7,663.9678815
2085,1098,
2086,1148,
2087,1198,
2088,1207.7,643.3
2089,1214.1,679.5
2090,1248,
2091,1272.2,668.9100188
2092,1282.2,666.7
2093,1329,
2094,1389,
2095,1396.5,680.389
2096,1411.4,667.8
2097,1416.6,669.6681366
2098,1448,
2099,1467,
2100,1471.9,644.3
2101,1491.1,670.1453219
2102,1501,
2103,1529,
2104,1547,680.8545
2105,1549,
2106,1568.2,684.3
2107,1572,
2108,1591,
2109,1605.5,651.4369118
2110,1606,
2111,1622,
2112,1649,
2113,1652.8,675.885861
2114,1681,
2115,1691.9,679.3078377
2116,1694,
2117,1722,
2118,1742.7,682.7
2119,1747.9,695.6475972
2120,1749,
2121,1751,
2122,1762,
2123,1765.7,726.8
2124,1779,
2125,1796,
2126,1798,
2127,1798.8,710.4896326
2128,1820.4,761.7
2129,1824.3,784.47
2130,1827,
2131,1834,
2132,1842,
2133,1847,
2134,1852,
2135,1856,
2136,1863,
2137,1871,
2138,1879,
2139,1884,
2140,1888,
2141,1893,
2142,1894,
2143,1900,
2144,1901,
2145,1907,
2146,1914,
2147,1917,
2148,1926,
2149,1928,
2150,1931,
2151,1934,
2152,1936,
2153,1936.6,907.0
2154,1938,
2155,1940,
2156,1941,
2157,1942,
2158,1944,
2159,1946,
2160,1950,
2161,1955,
2162,1956,
2163,1957,
2164,1961,
2165,1964,
2166,1965,
2167,1967,
2168,1970,
2169,1971,
2170,1972,
2171,1973,
2172,1974,
2173,1975,
2174,1977,
2175,1980,
2176,Direct Measurements,
2177,1984,
2178,1985,
2179,1986,
2180,1987,
2181,1988,
2182,1989,
2183,1990,
2184,1991,
2185,1992,
2186,1993,
2187,1994,
2188,1995,
2189,1996,
2190,1997,
2191,1998,
2192,1999,
2193,2000,
2194,2001,
2195,2002,
2196,2003,
2197,2004,
2198,2005,
2199,2006,
2200,2007,
2201,2008,
2202,2009,
2203,2010,
2204,2011,
2205,2012,
2206,2013,
2207,2014,
2208,2015,
