,year,co2epica8kyr1,sigma,co2epica8kyr2,unc
0,1960,318.20658038167187,1.7230639998931299,316.91,0.12
1,1960,313.0933880516286,1.8125207605745384,316.91,0.12
2,1959,311.98389241638387,1.8125192068450537,315.98,0.12
3,1958,316.3340200101121,0.9414004868608352,,
4,1958,316.1014028920352,1.7230606961916066,,
5,1957,314.57216625352925,0.41090257566000843,,
6,1957,315.2703546298443,1.1616551462109328,,
7,1957,316.3253801823537,0.12694297547743788,,
8,1957,314.4370577968855,0.7862770621623857,,
9,1956,315.342073915026,0.6354715422654317,,
10,1954,314.7139613439055,2.214638063555554,,
11,1953,313.1710570119369,0.634039485403577,,
12,1953,312.8003637775662,0.6340379489030816,,
13,1953,312.22274083278216,1.4243345489180328,,
14,1952,312.1844627182946,0.4108872849421976,,
15,1950,312.0017776102837,0.6354211479753883,,
16,1950,313.6602846482332,2.21463680836238,,
17,1949,309.6939936066409,0.4108714596531573,,
18,1948,311.57094999761165,2.2146343319343007,,
19,1947,310.36290017732523,0.634027909426397,,
20,1947,312.8663621464335,2.214635865625694,,
21,1946,312.5596867804179,2.2146355017928885,,
22,1946,311.9671347125998,2.082558942026396,,
23,1946,311.8114965345337,3.1236747780021643,,
24,1945,310.440204448011,2.564594558034493,,
25,1945,311.2775834649954,0.4108815077188695,,
26,1945,310.224309572614,0.6340273214805324,,
27,1944,312.36164019507424,2.214635267170318,,
28,1943,311.878053578341,2.768216484789498,,
29,1943,312.8437329659678,2.5645970119051587,,
30,1942,312.393938618938,2.214635305646748,,
31,1941,311.80226771747726,2.214634605293885,,
32,1941,307.7386635857962,1.1616381875289121,,
33,1940,309.80091502114107,0.6353882419620955,,
34,1940,310.9510867188181,0.6340303293204513,,
35,1940,311.21179432912515,0.6340313851523534,,
36,1939,310.4566675193962,2.1689332920301743,,
37,1939,308.47982780846024,0.6353686009026864,,
38,1939,311.94102882822733,1.3421143195864766,,
39,1938,311.52050972739016,2.2146342737612597,,
40,1938,312.3293254879136,0.13456559096342216,,
41,1937,307.4076931745866,1.1616374521489643,,
42,1936,309.3446868650601,2.8704087232296542,,
43,1936,307.25859856593024,1.1616371204860099,,
44,1936,306.3197983876916,1.1616350386215593,,
45,1934,309.6306260790445,0.6340249031228801,,
46,1934,307.0755443187391,2.5645910826371363,,
47,1933,305.94402817135216,1.1616342071053372,,
48,1933,308.27919921307927,2.214630463891003,,
49,1933,308.25556223436706,0.6340192586104747,,
50,1931,305.7409186942765,1.4519014261034418,,
51,1930,305.3808267142061,0.06894633736248497,,
52,1929,305.78294147245686,0.6353287640642507,,
53,1929,305.70537216677735,0.9413710014212491,,
54,1929,305.66786848134046,0.635327071998837,,
55,1928,308.01874186181465,3.176223027041842,,
56,1926,304.96915678718324,0.634005914314666,,
57,1925,304.7159146968185,1.7230435237616446,,
58,1923,306.19862429992156,3.8173223180811386,,
59,1923,303.1815383191544,0.941364147841331,,
60,1920,301.8758603769565,1.1616252702369918,,
61,1919,304.61320734820134,2.2146262044343445,,
62,1918,303.85222132002366,0.6718501558877479,,
63,1916,301.9151507114715,0.6339936400662507,,
64,1915,300.7000886560916,2.4491914740965117,,
65,1913,301.29772622272134,0.6339911737445958,,
66,1912,299.25727749401767,1.723035440531635,,
67,1912,297.7268153632511,1.7230332142980243,,
68,1911,298.10624698316605,2.5645821961592494,,
69,1910,297.86910679162327,1.1616165851507216,,
70,1909,301.50413540464433,2.2146226319797626,,
71,1906,299.62686294971274,0.6352391314877226,,
72,1906,297.32821856127947,0.6339754377689106,,
73,1906,299.0235966178361,0.6339821331252458,,
74,1904,295.9913578166476,0.9413449338297226,,
75,1902,295.6106368299745,1.3300603706657033,,
76,1901,294.22072160003313,1.1616087777538207,,
77,1899,297.0473645165553,2.214617574875448,,
78,1899,295.2814574829282,0.6339674053652581,,
79,1894,293.80883068272027,0.9413391927125404,,
80,1894,293.16654166689625,1.7230266485152168,,
81,1894,295.3164626735822,0.6351774496644673,,
82,1893,294.8594308441452,1.7230290740754022,,
83,1893,295.17192926023625,0.6339669770888089,,
84,1890,290.9175394046256,1.161601792024331,,
85,1890,292.3423879392772,0.6760499604329714,,
86,1888,294.34178746728605,0.6339637362309404,,
87,1886,288.1157636999787,2.012887925404246,,
88,1885,289.2265988139854,0.6166072841793726,,
89,1884,289.7624132149648,0.9413286609713851,,
90,1883,292.46393479402104,0.9504624960170107,,
91,1880,287.7707291897673,1.1615952103179417,,
92,1877,289.3281310647417,0.633944356692999,,
93,1874,291.5581974658393,2.21461144979234,,
94,1873,286.6550967370638,1.3420669316299338,,
95,1871,286.32578146070443,1.161592212107517,,
96,1870,287.9864944292303,0.6339392271650133,,
97,1869,289.53614491302415,1.7230214941989352,,
98,1868,287.9922513016967,0.4127688331453147,,
99,1867,285.05229227816864,1.6774740623622912,,
100,1865,286.65415816058197,1.1615928921518885,,
101,1863,285.3533187571561,0.9413173514221531,,
102,1862,287.17456217295097,0.6339361344349255,,
103,1859,286.6330756116753,0.4107309168077066,,
104,1857,283.16210074754474,1.1615857002636663,,
105,1855,285.56557722684016,0.633930031404953,,
106,1854,288.05443747992655,2.2146075998489194,,
107,1852,285.4658308627274,0.6339296541845358,,
108,1851,288.7903954001126,0.4127858726824119,,
109,1851,284.00163402345765,1.161587421236867,,
110,1848,286.839237474432,0.6350587311227852,,
111,1846,283.6198856894272,1.3420615190225318,,
112,1845,283.1828720355646,1.1615857427816372,,
113,1845,283.5311237194569,1.1615864561027442,,
114,1844,281.58148260537183,1.1615824752609392,,
115,1841,283.6545457229947,0.6339228271586755,,
116,1837,284.151983964357,0.9417990894248008,,
117,1834,283.82039231033946,0.9417960341280021,,
118,1833,285.0861666968484,0.9504437017476038,,
119,1827,285.90893992625405,0.6350459120608486,,
120,1825,281.3603652847592,0.9417734784570432,,
121,1814,284.43128758236145,0.9418016656981505,,
122,1800,282.7995518984052,0.7883985371923559,,
123,1797,280.40443666000317,1.722661879618002,,
124,1796,282.3047106620081,0.6349966382720811,,
125,1795,281.61711795078935,0.9417758234370921,,
126,1781,273.07371696468044,0.4124588939999544,,
127,1780,280.23629818436876,0.6349686413914025,,
128,1774,277.8559524780317,0.9417416851187796,,
129,1764,276.3961020284933,0.941728558070766,,
130,1763,277.15568662096365,0.6349273233549182,,
131,1753,278.00200109884094,0.6349386291317073,,
132,1752,276.4573287163011,0.9417291072385717,,
133,1750,277.6000738939942,0.6349332555790217,,
134,1742,276.8090000432731,0.9417322638755545,,
135,1734,278.3109424912346,0.9417457905087733,,
136,1724,277.01330979867544,0.9417340996183786,,
137,1723,278.27011023020174,1.2670864271606788,,
138,1695,277.35805088594464,0.6349300235886305,,
139,1690,276.3246167739362,0.9417279170430886,,
140,1682,276.6596678045921,0.6349207130491378,,
141,1650,278.0152295252318,0.6349388061201005,,
142,1640,276.6872122505445,0.9417311702431327,,
143,1629,273.78076231204557,0.4124732162414122,,
144,1610,271.10903046702873,0.4124192882382645,,
145,1604,275.066577843599,0.6348995620033699,,
146,1591,279.3568610690018,0.9508690595460032,,
147,1589,281.10892823134105,0.9417711840929803,,
148,1574,282.5698274885973,0.6350002415419935,,
149,1560,281.82904146165555,0.9417777605892773,,
150,1550,283.5296825674026,1.2671220558482001,,
151,1530,283.94789036843633,0.6350190252954523,,
152,1502,283.1247803916497,0.6350077949310544,,
153,1470,280.3125047226672,1.267100183364781,,
154,1450,282.22658040584827,0.9508949540293505,,
155,1429,279.7256958832981,0.4125950843173071,,
156,1411,279.6965499485699,0.9417583341557852,,
157,1391,280.9115788303861,0.6349777602732789,,
158,1349,278.3621212274177,0.4125669035764293,,
159,1331,284.0676432722511,0.6350206618825793,,
160,1308,281.5784089788515,0.9417754697627618,,
161,1279,278.4312489162189,0.4125683289579309,,
162,1260,282.199286054067,0.941781148411328,,
163,1252,282.41311047504325,0.6349981111551107,,
164,1211,283.68828915610504,0.9417948179160088,,
165,1200,284.54004420226613,0.635027124576181,,
166,1166,283.9659747066713,1.4116055223569104,,
167,1147,284.510584449478,1.267128774238816,,
168,1116,282.8416314024614,0.941787036540014,,
169,1100,283.0944582572788,0.6350073818401468,,
170,1071,282.8444160166049,0.9417870620945465,,
171,1050,280.9667443357615,0.6349785049296485,,
172,1041,280.9161701585891,0.9417694265601158,,
173,1020,280.06452973881244,0.634966325632589,,
174,1018,279.7987034131486,1.3420371933367057,,
175,983,278.7402401551619,1.4115736949859394,,
176,958,277.4071684030988,0.4125472485974409,,
177,915,280.10552589040225,2.213895624951041,,
178,876,279.42044060983585,1.4115778043264595,,
179,823,278.62300321449914,1.4115729877252574,,
180,794,279.72469920818,2.2138941536319328,,
181,763,279.29371083930937,2.2138924909272033,,
182,731,279.9902637416671,0.41260056781921073,,
183,702,277.098940914164,0.4125409188336744,,
184,670,278.45496800258206,0.41256881811512336,,
185,637,279.58805021854124,0.41259223345893065,,
186,615,277.86971612986054,0.4125567605046653,,
187,583,276.19603745957005,0.4125224167384222,,
188,558,278.4608975547629,3.8450590229986954,,
189,552,276.5590465243607,0.4125298482800052,,
190,518,276.78951906858396,0.9417320889076648,,
191,489,277.1056915049757,0.41254105738956454,,
192,437,279.9999146746923,0.4126007679435665,,
193,407,279.12520908544417,0.4125826574381653,,
194,385,277.24691789826335,0.4125439568248663,,
195,358,277.79537780888165,0.412555230745294,,
196,318,281.692138914424,0.41263596349699555,,
197,296,280.9089598541969,0.4126196486383923,,
198,275,280.2444922059889,2.563635366217848,,
199,267,278.31439989271746,0.616453810085954,,
200,241,280.24908719030117,0.6164805927337029,,
201,175,277.55589209790946,0.412550305271284,,
202,154,278.0719954240161,0.41256092512054493,,
203,136,278.1,1.0,,
204,104,277.5,1.0,,
205,56,277.4,1.0,,
206,30,277.9,1.0,,
207,1,276.7,1.0,,
208,-49,278.0,1.2,,
209,-143,276.9,0.7,,
210,-284,276.7,0.8,,
211,-315,276.7,0.8,,
212,-464,277.6,1.3,,
213,-576,277.9,0.5,,
214,-678,273.9,1.1,,
215,-758,278.9,0.6,,
216,-851,275.3,1.6,,
217,-954,274.7,1.2,,
218,-998,276.3,0.9,,
219,-1106,274.6,0.8,,
220,-1305,276.3,1.5,,
221,-1333,273.1,1.1,,
222,-1481,274.0,0.3,,
223,-1578,275.0,0.6,,
224,-1694,273.4,1.3,,
225,-1743,273.0,0.8,,
226,-1856,271.5,1.0,,
227,-1906,275.4,0.5,,
228,-2018,274.9,1.3,,
229,-2158,271.7,1.0,,
230,-2255,271.6,0.7,,
231,-2325,272.8,0.8,,
232,-2392,271.5,0.9,,
233,-2544,271.1,0.8,,
234,-2642,269.1,0.6,,
235,-2697,269.8,1.0,,
236,-2823,271.5,0.8,,
237,-2971,270.7,0.5,,
238,-3031,269.3,1.0,,
239,-3136,268.6,1.1,,
240,-3268,269.8,1.2,,
241,-3361,267.6,0.6,,
242,-3407,265.3,1.7,,
243,-3583,265.2,0.8,,
244,-3631,267.6,2.0,,
245,-3807,265.9,0.9,,
246,-3902,265.5,0.8,,
247,-3984,260.7,1.6,,
248,-4049,266.7,0.9,,
249,-4139,265.5,0.8,,
250,-4351,263.2,0.6,,
251,-4387,262.7,0.9,,
252,-4451,261.2,0.7,,
253,-4622,261.1,0.4,,
254,-4732,259.4,0.6,,
255,-4819,262.1,0.9,,
256,-4930,262.9,0.5,,
257,-5020,258.1,1.4,,
258,-5088,257.6,0.9,,
259,-5238,262.3,0.9,,
260,-5324,263.0,0.7,,
261,-5455,260.7,0.6,,
262,-5547,258.4,0.8,,
263,-5711,260.1,0.6,,
264,-5769,260.4,0.4,,
265,-5910,259.7,0.9,,
266,-5976,259.2,0.7,,
267,-6025,260.8,1.4,,
268,-6166,259.6,0.5,,
269,-6244,259.3,0.9,,
270,-6401,258.3,1.2,,
271,-6509,261.3,0.9,,
272,-6596,260.7,0.4,,
273,-6760,261.8,1.0,,
274,-6831,259.0,1.1,,
275,-6961,260.9,0.7,,
276,-7042,260.4,0.6,,
277,-7110,259.3,1.0,,
278,-7193,262.0,0.8,,
279,-7345,263.7,1.2,,
280,-7411,263.8,0.8,,
281,-7486,265.2,0.9,,
282,-7568,260.6,1.7,,
283,-7574,260.9,0.6,,
284,-7605,263.0,0.4,,
285,-7623,263.8,1.2,,
286,-7951,264.4,0.4,,
287,-8042,264.2,0.9,,
288,-8184,264.0,0.3,,
289,-8242,263.4,0.1,,
290,-8349,265.7,0.5,,
291,-8416,264.9,0.4,,
292,-8555,267.5,0.4,,
293,-8730,266.9,0.6,,
294,-8851,266.0,1.1,,
295,-8885,265.1,1.6,,
296,-9004,267.6,0.7,,
297,-9139,264.8,0.6,,
298,-9211,264.8,0.4,,
299,-9235,265.0,0.8,,
300,-9250,265.3,0.4,,
301,-9306,264.4,1.5,,
302,-9366,264.1,0.7,,
303,-9389,264.8062514925239,1.6656998706343706,,
304,-9433,264.8396344162771,1.290916678425955,,
305,-9449,268.1638827775123,2.5459070312438925,,
306,-9467,264.4831386910426,2.038774675962592,,
307,-9485,270.14345909208504,2.1099587251623033,,
308,-9503,268.86948241809176,0.6954811452089371,,
309,-9522,269.09658248435426,2.5208974243791173,,
310,-9540,267.1659882944808,0.8515189257138913,,
311,-9557,267.66344435702626,1.1530963256955427,,
312,-9573,269.5087267559184,0.8505691950166642,,
313,-9593,266.8975316078414,0.6582745058901435,,
314,-9609,262.7402713424808,1.420923135639131,,
315,-9626,267.0926460402798,0.4985722841097915,,
316,-9642,260.7019637596007,0.28649127816592435,,
317,-9661,261.3035570908851,1.5221230058969524,,
318,-9678,266.2202091929294,2.412823479042468,,
319,-9697,257.13429330946656,1.3404357790494443,,
320,-9714,247.5528586529488,0.3435083847400987,,
321,-9732,254.6155973344712,0.884033354158537,,
322,-9751,253.99089690085395,1.4599509194956937,,
323,-9769,256.0430608603061,1.2558245486807351,,
324,-9790,255.89086904448925,1.3999473114283951,,
325,-9809,258.7419682040664,1.482300165746408,,
326,-9830,258.24947010276907,0.33244042312113337,,
327,-9852,258.53058047537485,1.781228819116829,,
328,-9870,257.16871076552565,1.4848144359415976,,
329,-9893,254.31017470730887,1.3448357106506248,,
330,-9913,253.6295799831633,1.5930774046070213,,
331,-9933,251.56174454316204,0.5813810050137204,,
332,-9954,255.89657531323917,1.1569847106772602,,
333,-9976,258.57498699245264,5.263207753720935,,
334,-9998,248.91570205793047,2.0423481441827143,,
335,-10019,253.9931437879996,1.299308075453149,,
336,-10040,255.3912977602452,1.3864577081067966,,
337,-10065,247.85064164274337,1.452015497417635,,
338,-10087,248.40713321971356,0.3529837130095197,,
339,-10108,253.09803694796494,0.6956406819534284,,
340,-10129,251.03138662276533,2.5685204930827545,,
341,-10155,255.6570401748525,1.9876851919274323,,
342,-10174,253.01913649818056,0.8701877668305773,,
343,-10196,251.13879991205624,1.412474153146747,,
344,-10218,251.42428040746907,0.8549339323768892,,
345,-10240,250.96816256782247,0.7318602806397894,,
346,-10261,249.6533400802813,1.227277836571378,,
347,-10282,249.23182055441774,1.6042965419405086,,
348,-10306,248.95174624217293,1.4827762724022882,,
349,-10330,249.37721064234103,1.3322521569434795,,
350,-10351,248.9240190698803,0.2940953344047306,,
351,-10371,250.73154369365116,1.3729762132867072,,
352,-10393,246.9665079337188,0.7624581789404119,,
353,-10415,244.30941964788178,1.1644445095978526,,
354,-10438,243.00399847303908,1.207676580766401,,
355,-10459,246.4034368607132,1.4510225043370562,,
356,-10481,247.67023851530323,0.8244290241025993,,
357,-10504,245.828192028346,0.5557230717885496,,
358,-10525,246.17917534767042,0.7866964776282669,,
359,-10545,244.42282246806465,1.1797272460582895,,
360,-10571,246.7361603977909,1.2895316864650215,,
361,-10593,249.9226267174943,1.7213319336477375,,
362,-10614,244.27496932125192,1.2142870688424796,,
363,-10636,247.01866418752644,0.2718651933668129,,
364,-10657,248.09151906637942,1.176204353865209,,
365,-10679,246.94327763185444,0.45259361155483935,,
366,-10703,243.94829999483662,1.6819891525674522,,
367,-10723,242.52904430354567,0.9550091381591798,,
368,-10747,244.24252191664183,0.9593977007528567,,
369,-10769,241.5919394471499,1.072175936925353,,
370,-10789,247.29878007926465,0.4125142739378774,,
371,-10812,240.01944039217156,1.1185804377555943,,
372,-10835,241.49602014897292,2.0892692093580534,,
373,-10859,242.23335017876875,1.9472923880165072,,
374,-10880,242.14661205332536,1.3353903526336806,,
375,-10902,239.34501708789696,1.2925466754401673,,
376,-10923,241.2383063619222,1.2981515105668255,,
377,-10943,239.43542944264073,0.7882017929475992,,
378,-10967,238.7942418996904,1.1224172467227629,,
379,-10989,238.17670710529902,2.8238892225625056,,
380,-11009,240.7072616624785,0.9467987697225267,,
381,-11030,237.14801820813656,0.807610266534135,,
382,-11051,239.41877622767902,2.092655675831412,,
383,-11071,234.67711437690164,0.19145773094123278,,
384,-11093,238.86480110696388,1.9379105503363823,,
385,-11116,237.90902544878452,2.2357790640357043,,
386,-11138,241.5552999030114,1.1589696936117735,,
387,-11178,234.8172845805215,0.11006763112890043,,
388,-11222,236.91006470650157,0.9623041858085902,,
389,-11266,239.4098936541896,0.6936344335760807,,
390,-11316,240.4197733780046,0.14624444254500113,,
391,-11354,236.86022090165332,0.34277105198985114,,
392,-11468,237.82629259075324,1.8701703755605315,,
393,-11536,240.25427358439862,1.4095543785119697,,
394,-11581,235.8255291423037,0.3958262052733707,,
395,-11650,243.85979844716996,0.12464859418708243,,
396,-11695,238.54747522687632,0.45893872238818556,,
397,-11762,241.59139134507328,1.232457312518845,,
398,-11808,241.11490412197253,2.2202425085619373,,
399,-11877,239.08435072354874,0.10007470310427478,,
400,-11921,237.95158516671214,0.853522729781004,,
401,-11990,240.5703386445421,0.5716538469801956,,
402,-12051,235.91958262522573,1.0386939571796365,,
403,-12072,237.8687866200197,1.085182218857085,,
404,-12110,241.26916500368534,1.1731028607568064,,
405,-12134,232.88000615516702,1.5244854427350565,,
406,-12170,236.39805979670948,0.1335912368682948,,
407,-12206,239.23818680138615,0.41922109209682534,,
408,-12229,239.36064776017062,0.8117258297207374,,
409,-12255,238.3613364190683,1.8905012806153203,,
410,-12287,236.59503531115416,1.187944479381528,,
411,-12323,240.21229536304708,1.333690692180971,,
412,-12348,239.03677680876376,0.2153120259848627,,
413,-12358,235.8013722168602,1.0996246937402585,,
414,-12393,242.07891889663432,1.0942604116875656,,
415,-12404,238.39005888170098,0.4909048767560898,,
416,-12424,240.3252352260465,1.0466464124405748,,
417,-12460,242.5463915992586,1.4233246603570187,,
418,-12472,242.60460298931037,1.7556664246639746,,
419,-12493,240.9489026098227,0.3454352294996154,,
420,-12513,238.61345734214723,0.7652096648345446,,
421,-12547,242.05538663336657,2.2467485024161653,,
422,-12570,241.14411641924522,1.2655358550826663,,
423,-12581,243.17377294839466,0.8112650514640422,,
424,-12591,235.8323421305916,0.5643746168651799,,
425,-12602,241.729807649943,0.41994573319519585,,
426,-12613,239.85999766133673,1.4558688378127933,,
427,-12625,239.76503812675872,1.7380011297995386,,
428,-12636,237.9659544143376,1.137419276772159,,
429,-12645,235.30951417343593,0.6136067550158362,,
430,-12656,237.58632963935628,0.8517421853611764,,
431,-12669,237.97072384125397,0.7613632280058652,,
432,-12679,240.10202126482596,1.115425087948056,,
433,-12695,238.11592408247537,0.5982874200896254,,
434,-12702,234.62208303328032,0.3923638577013497,,
435,-12714,233.41678590018034,0.28541857454839875,,
436,-12725,234.33541847308942,1.0422984517358862,,
437,-12736,237.49243901935716,0.2935424748877703,,
438,-12746,228.9069484734525,0.43595365597654745,,
439,-12756,228.1794674192821,0.7707868729967455,,
440,-12768,230.5296191365043,1.0957759406440268,,
441,-12780,234.53668908061695,1.2309773820367913,,
442,-12793,231.47501430697426,1.1049347180389382,,
443,-12808,227.9025821178081,0.74817334555484,,
444,-12813,224.64412988292017,0.7824148574908405,,
445,-12826,227.39272967198517,1.115766298891188,,
446,-12837,227.78536212593403,0.23076070475812085,,
447,-12849,228.50250206425628,1.0241105505628754,,
448,-12860,227.5760816830967,0.4324443811369315,,
449,-12872,226.50690563613685,0.6990972947328529,,
450,-12884,228.4041873231957,0.011029132928224222,,
451,-12894,227.87363187172843,0.4104262711964586,,
452,-12907,233.1674385645637,1.4724014735922233,,
453,-12919,232.22123314488178,0.585239377410893,,
454,-12930,227.85150672131329,1.1093788571105547,,
455,-12942,230.6301423785333,1.2447439252123165,,
456,-12954,228.71528957073212,0.5395654126703556,,
457,-12965,228.35879507223092,0.5325917883752289,,
458,-12979,228.46979297537328,0.33507688174527955,,
459,-13003,228.890295544307,1.2267728038776453,,
460,-13026,229.78672581367329,2.0894914892990073,,
461,-13037,227.65098593922204,1.2191716092428557,,
462,-13061,228.3650655244248,1.018065793815664,,
463,-13084,225.38083520649624,0.8388666319299413,,
464,-13122,228.99480745157686,0.24117238927844434,,
465,-13145,234.47446894840783,0.023335995142349564,,
466,-13183,229.67160656998294,0.6306009719621629,,
467,-13206,228.8057322422929,0.892789496928765,,
468,-13231,227.84358475209112,1.037400495015162,,
469,-13268,230.18339813242306,0.32846271747068345,,
470,-13293,228.26585961041698,1.2143647518603298,,
471,-13330,225.77162913978188,0.9195516847257943,,
472,-13370,227.64306095288393,1.4176123107845846,,
473,-13395,228.91652002838566,0.9571559874779071,,
474,-13432,225.38795165189697,1.571230379506173,,
475,-13460,224.74311624898786,0.7531820269617046,,
476,-13512,223.2710402890986,1.3773982635521775,,
477,-13596,223.5305343345643,0.34666034223081493,,
478,-13699,222.75834505097234,1.3704689967578514,,
479,-13754,222.15764340429956,0.5663781946920314,,
480,-13817,224.8571801594681,1.8704061395520675,,
481,-13894,222.36468715588023,0.4366582225045342,,
482,-13970,223.5107392974745,0.6480784761033369,,
483,-13986,223.7681909549173,0.6393346693740717,,
484,-14045,223.7224506956352,2.06239685526959,,
485,-14048,224.4079901815647,0.17761030070385816,,
486,-14064,222.39327867419098,0.8930941956766976,,
487,-14083,224.4802221411913,1.4333403503178488,,
488,-14133,224.242360124708,0.8203411414003624,,
489,-14164,222.4115117516632,1.3094348918523633,,
490,-14201,224.8625784974834,1.0247434087216374,,
491,-14216,226.1908800011438,0.07169746259521485,,
492,-14237,221.48984625503218,1.1769051062662972,,
493,-14258,227.3244742360862,1.212502893063355,,
494,-14272,223.23631531576837,0.5538872168341893,,
495,-14290,220.48517092637948,1.0594512637382953,,
496,-14310,218.56382460975144,0.9667868972087439,,
497,-14328,214.22122886828478,0.5945526313029851,,
498,-14346,212.84367513227136,0.745912624557757,,
499,-14367,214.5978424508933,0.5964888338406239,,
500,-14387,212.42970768970437,1.1881058980916346,,
501,-14404,214.83094793202406,1.2030660182080497,,
502,-14424,211.2133503062316,0.4998022380031932,,
503,-14441,209.50810411665645,0.8157282831605934,,
504,-14460,212.94888538922996,0.9405088128858664,,
505,-14481,211.7934498012063,1.807132802023743,,
506,-14508,217.18722610003746,0.27905676325660833,,
507,-14522,213.9380167825644,1.113412954793218,,
508,-14559,207.94707338537606,0.12297867634990271,,
509,-14603,208.65010901966778,0.5212325806217732,,
510,-14640,208.4614276166706,0.8394990019249473,,
511,-14705,213.15469236971649,0.8085332659341804,,
512,-14783,210.24939480334604,1.1019346596459119,,
513,-14847,205.52548876941438,0.9617411013425473,,
514,-14919,205.18509194320177,0.961741101338764,,
515,-14978,202.9290476816134,0.6750299739442969,,
516,-15044,204.3247383426767,1.0886961808547952,,
517,-15141,202.1012164231453,1.0521531700623763,,
518,-15213,198.631089252931,1.3007075917823727,,
519,-15286,198.29417538469403,0.7766600772342452,,
520,-15337,195.87573909141443,0.4971330239233743,,
521,-15361,194.65141317549399,0.26604797941165964,,
522,-15410,190.50284337603904,0.909033112140748,,
523,-15435,193.02021337722056,0.39380858908988714,,
524,-15460,191.8856673685563,0.2694578865526365,,
525,-15484,190.75739808941378,0.46529941580413253,,
526,-15510,193.00049226913703,0.46110486137926515,,
527,-15535,191.4761142959414,0.5012961161068531,,
528,-15560,191.58573439908614,0.05423803745364829,,
529,-15584,192.37047527166976,0.6055699337887396,,
530,-15611,192.6236483930915,0.29863733358414885,,
531,-15636,196.96328822867957,0.8635092288984562,,
532,-15662,195.79039289658348,0.2391586375813789,,
533,-15687,193.21020619774924,1.2286838327921574,,
534,-15715,194.3760035369042,0.5550286988169382,,
535,-15741,191.51895944996556,1.3346281819664174,,
536,-15767,189.52313905154722,0.5643022523211347,,
537,-15793,190.41145637495399,0.23965616851367205,,
538,-15819,191.7049630706334,0.33080679868936025,,
539,-15847,187.25256339861124,0.6621632763188716,,
540,-15875,191.20739896471937,1.2382021197722488,,
541,-15904,189.51763426245728,0.7190495298839523,,
542,-15930,190.2606131810841,1.1923060852551808,,
543,-15957,191.7237910053392,0.26146940741275265,,
544,-15985,188.54215704394005,0.9821428247799515,,
545,-16015,188.6564989836098,0.10486478156066993,,
546,-16042,188.9556833468375,0.64306592821333,,
547,-16074,187.78531136917942,1.0961213128518206,,
548,-16100,187.7267726989902,0.49850929991939746,,
549,-16131,188.64072093684447,0.4703207056745532,,
550,-16160,188.59044595252618,1.480500952833287,,
551,-16189,184.87510819689115,0.22828849331322779,,
552,-16223,189.01145740964958,1.126510504571672,,
553,-16251,185.64837724764448,0.9528223932349119,,
554,-16282,188.87750852438725,0.4724033625177601,,
555,-16314,188.52153443206024,1.1571075398909414,,
556,-16345,189.03208526365853,0.19260209898468844,,
557,-16374,187.12107228232756,0.8372036055175979,,
558,-16410,188.73157502184154,0.18243274436836557,,
559,-16441,188.2127161368506,1.1573613101510056,,
560,-16472,188.46984987600774,0.748352699525746,,
561,-16507,187.44688100668245,1.0657551240083385,,
562,-16536,187.08794749517838,0.7036592363884459,,
563,-16569,187.6657005045612,0.1414082867377205,,
564,-16632,188.57060817148658,0.6179556385846688,,
565,-16727,193.90294365325792,0.5018461940485749,,
566,-16797,191.27099266967372,1.0138678790995133,,
567,-16853,192.9746062473733,1.0994077802463795,,
568,-16885,188.43646889385016,0.822752675659307,,
569,-16916,188.49917580509657,0.5266764309515646,,
570,-17043,192.7099140092297,1.7470090692053926,,
571,-17202,191.08550485764974,1.121009894025455,,
572,-17332,191.58428202340798,0.8431811380039504,,
573,-17492,191.51661846127155,1.3004106764959464,,
574,-17618,188.95303905155185,0.24551001470689301,,
575,-17679,191.41876528996985,0.586308975486151,,
576,-17841,193.60063929670704,0.5303197486983406,,
577,-17933,196.05515178135056,0.4220959629087149,,
578,-18068,193.72302093582547,0.7503628445232208,,
579,-18263,190.47301770392272,1.2132922929495944,,
580,-18457,189.99022495118814,0.65425815677705,,
581,-18586,193.92595404672443,0.6926066273540084,,
582,-18716,187.76130879373025,0.9299760179274259,,
583,-18878,192.65750201107113,1.0946641302511946,,
584,-19014,190.87078412905063,0.817552208158084,,
585,-19117,188.40117180397905,0.8671811282576847,,
586,-19262,190.05178294941018,0.06844865543898428,,
587,-19395,187.24278170075527,1.161275436474382,,
588,-19612,185.22605259203294,0.3063097987544152,,
589,-19840,187.9571766507431,0.21874802841448615,,
590,-19963,190.7825043804128,0.9521422657387056,,
591,-20105,187.38113959770786,1.5500556335948474,,
592,-20280,191.27052755302162,0.9882063740189297,,
593,-20342,187.2242115241,0.44999999999935325,,
594,-20397,187.0216472475,1.25,,
595,-20600,184.67921815,0.19999999999998863,,
596,-20654,185.207494535,1.6249999999999998,,
597,-20700,188.4866056205,0.22999999999998974,,
598,-20799,190.01358890950002,0.25499999999999545,,
599,-20883,186.13368892427502,0.125,,
600,-21044,189.397339585125,1.125,,
601,-21063,190.53007546182502,0.6449999999932948,,
602,-21157,190.08050149462503,0.8249999999961194,,
603,-21235,188.6041093398,0.869999999995999,,
604,-21326,197.67188495834998,1.2850000000033883,,
605,-21408,193.532820435975,1.715000000000672,,
606,-21495,186.77935625474998,0.4649999999962196,,
607,-21650,187.98535915199997,0.4059556626050127,,
608,-21923,183.12944747075,0.03499999999999659,,
609,-22127,184.6823772,0.6200000000021311,,
610,-22319,186.726894870075,0.9249999999981121,,
611,-22693,180.565516782075,2.7249999999993055,,
612,-23213,180.69369987574999,0.7849999999986874,,
613,-23401,182.66041686875002,0.07500000000000284,,
614,-23593,183.37891829900002,0.6199999999962634,,
615,-23836,186.541161542,0.579999999993848,,
616,-24066,184.51815170625,0.40500000000678366,,
617,-24304,184.57168235580002,0.5150000000027465,,
618,-24365,183.7673068405,0.529999999998045,,
619,-24510,186.0128248,0.8100000000000934,,
620,-24587,185.5131813934,0.5250000000019401,,
621,-24753,185.43660435787498,0.33499999999570823,,
622,-24907,186.43114764435,0.22499999999999432,,
623,-25004,188.08462820879998,0.8000000000041836,,
624,-25092,187.3935686286,0.21000000000000796,,
625,-25134,186.271358966325,0.06499999999999773,,
626,-25220,194.928153007,0.4792123166703289,,
627,-25330,190.0614572262,0.47000000000801284,,
628,-25491,191.95313370887501,0.8401128396427262,,
629,-25552,191.23379793375,1.9150000000012248,,
630,-25599,191.5337587855875,1.9441552364287014,,
631,-25636,191.95350057714998,0.37999999999658407,,
632,-25711,191.46001174245,0.6850000000005353,,
633,-25737,192.712370759625,0.07500000000000284,,
634,-25764,190.6078690615,1.6350000000018083,,
635,-25768,189.304523923175,0.3150000000085556,,
636,-25870,187.586392521325,0.8650000000017362,,
637,-25916,190.5849616488,0.4900000000027678,,
638,-25935,189.27849064935,0.11500000000000908,,
639,-25977,188.98634898427503,0.3949999999864722,,
640,-26023,189.286787345625,0.3149999999970064,,
641,-26147,189.95757968037498,0.6350000000014483,,
642,-26264,191.816137593,0.2800000000000011,,
643,-26321,191.59419376510002,0.3200000000053114,,
644,-26419,192.63389865615,1.6650000000023701,,
645,-26463,189.156744422,0.24000000000000907,,
646,-26476,189.6458701976,0.5600000000011746,,
647,-26627,193.10010418009998,0.05499999999999261,,
648,-26676,192.8154242622,0.15500000000000114,,
649,-26774,193.80250764615002,0.20000000000000284,,
650,-26891,193.8897968002,0.3400000000068137,,
651,-26952,192.68758991725,0.5350000000032421,,
652,-26998,193.25940327540002,0.7299999999938761,,
653,-27058,192.8724796734,0.4900000000027678,,
654,-27200,192.26433856792502,0.16500000000000623,,
655,-27255,188.0966829643,0.03499999999999659,,
656,-27299,192.39141674277,0.9709449005998889,,
657,-27373,191.0119519104,0.8900000000033877,,
658,-27416,189.82870639425,0.3049999999999926,,
659,-27460,189.2132558424,0.6607823645732186,,
660,-27659,189.24251845,0.03999999999999204,,
661,-27731,189.77280474485,0.24500000000000452,,
662,-27792,191.28441196185,0.2650000000000005,,
663,-27887,190.9669244527,0.1599999999999966,,
664,-28002,191.375496743275,1.2250000000032073,,
665,-28049,191.5673410079,0.22499999999999432,,
666,-28151,188.2467783878,0.5899999999962806,,
667,-28231,188.475316491,0.6199999999962634,,
668,-28327,186.51738769949998,0.0799999999999983,,
669,-28362,185.98864642130002,0.600000000000485,,
670,-28450,184.2981804458,0.30000000000001137,,
671,-28578,182.936081584225,0.4349999999938179,,
672,-28762,187.14328122450002,0.20000000000000284,,
673,-28825,190.33222284570002,0.7299999999988598,,
674,-29155,187.999563507075,0.055000000000006814,,
675,-29406,188.4753253155,0.7800000000029627,,
676,-29574,189.94686495800002,0.35999999998008003,,
677,-29842,193.71283854975002,1.2250000000002377,,
678,-29868,192.9276430365,1.125,,
679,-29983,192.507154839675,0.10500000000000398,,
680,-30076,193.3257604058,0.4300000000002301,,
681,-30129,193.90502757875,1.1200000000023491,,
682,-30197,196.41665588339998,0.4900000000027678,,
683,-30200,196.9080549903,1.3050000000009678,,
684,-30357,192.46518778166669,1.936098597121701,,
685,-30411,195.247244775875,0.27500000000000563,,
686,-30484,194.110429478875,0.5250000000019401,,
687,-30561,194.60682974099998,0.37000000000671746,,
688,-30644,194.4295742917,0.4100000000031659,,
689,-30727,195.08012700165003,0.2850000000000108,,
690,-30764,195.93861278715002,0.2600000000000051,,
691,-30863,199.302319209275,2.5549999999999247,,
692,-30930,196.70181603277499,0.804999999996869,,
693,-31059,196.32609642975,0.4599999999867514,,
694,-31198,197.646004846875,0.21500000000000338,,
695,-31467,196.89622890765,0.5400000000038051,,
696,-31541,197.12526326695,0.4100000000031659,,
697,-31605,197.79975641045,0.2749999999999914,,
698,-31808,200.03106638475,0.6850000000005353,,
699,-31891,195.627148340675,0.744999999996109,,
700,-31935,195.2662323655,0.45373756487464084,,
701,-31957,194.46060405395,0.6649999999936803,,
702,-31975,194.47027317217498,0.03499999999999659,,
703,-32007,196.47191999325,0.4450000000057815,,
704,-32041,195.41091567172498,0.32500000000582074,,
705,-32114,195.93175875274997,1.0150000000011066,,
706,-32240,194.8874767012333,0.6165044831788826,,
707,-32300,195.7913334535,0.7600000000027418,,
708,-32362,196.266613322,0.23999999999999486,,
709,-32384,196.20185201500001,0.324999999994627,,
710,-32606,199.6474818549,0.7399999999986863,,
711,-32652,199.48892963999998,0.6400000000049385,,
712,-32670,200.2924224414,0.4300000000086905,,
713,-32697,198.89171239745002,0.979999999998111,,
714,-32760,197.16130487224999,1.195000000000448,,
715,-32875,202.795646976,0.030000000000001133,,
716,-32916,203.0917776366,0.4800000000079671,,
717,-33139,198.7828307793,0.5749999999956976,,
718,-33215,203.60050857025,0.35999999999018556,,
719,-33331,205.3761847385,0.09999999999999432,,
720,-33387,204.46706210535,1.2200000000008204,,
721,-33409,203.6185257355,0.8700000000001806,,
722,-33433,201.35769286432503,0.25500000000000966,,
723,-33495,200.29875552115,0.804999999996869,,
724,-33547,201.06305549865002,1.0050000000016042,,
725,-33558,202.04126672700002,0.8999999999946643,,
726,-33580,201.88660042935,0.6500000000004478,,
727,-33617,201.8276293501,0.9899999999966662,,
728,-33722,201.81310262977502,0.24499999999999034,,
729,-33751,200.5019756069,0.6299999999997875,,
730,-33904,203.28865874520002,1.0699999999962844,,
731,-33998,198.799944457875,0.3650000000069052,,
732,-34136,204.123014498,1.320000000001067,,
733,-34223,201.7797825328,0.23000000000000395,,
734,-34311,200.09164615275,0.6250000000058207,,
735,-34556,198.9617645275,0.9499999999981619,,
736,-34641,205.10239260525,1.1350000000017078,,
737,-34719,203.76951759,0.1599999999999966,,
738,-34762,203.7543230524,0.009999999999990903,,
739,-34870,202.76033458287498,1.1550000000016227,,
740,-34989,203.514345808,0.23000000000000395,,
741,-35073,206.3568576216,1.125,,
742,-35168,210.157174784,0.8920951873796128,,
743,-35193,207.34584681975,0.1599999999999966,,
744,-35346,208.25190909,0.9500000000058207,,
745,-35352,209.65639176,0.5861740355881742,,
746,-35388,206.586570978,0.12000000000000453,,
747,-35481,212.50552869749998,1.4699999999984041,,
748,-35511,209.83667782650002,0.5349999999964422,,
749,-35668,214.29589900083332,0.39842746447112803,,
750,-35697,212.135905967,0.7150000000014083,,
751,-35827,212.09241359079002,1.6164170253985017,,
752,-35945,214.2064208262,1.0899999999963845,,
753,-36050,211.213425214,0.6800000000029275,,
754,-36138,214.36039257750002,1.4849999999992864,,
755,-36215,208.335059710425,0.5850000000064973,,
756,-36242,206.5229252229,0.4500000000074376,,
757,-36334,207.41115700100002,0.17000000000000168,,
758,-36409,207.99977968,0.6700000000022761,,
759,-36462,210.7947524055,0.6400000000049385,,
760,-36522,207.2301825856,0.03999999999999204,,
761,-36583,210.07869060075,0.40457110348474573,,
762,-36623,208.23327262075,1.9849999999977799,,
763,-36671,204.79190564040002,0.45999999999466,,
764,-36720,204.455553872625,0.7428702780432987,,
765,-36773,206.543994036,0.30534133905032607,,
766,-36862,206.085787558,0.25640679484843054,,
767,-36924,205.650989878,0.01999999999999602,,
768,-37005,205.98808959113333,1.3127621431337815,,
769,-37026,202.3448524395,1.4150000000013492,,
770,-37103,204.28298891580002,0.6750000000071142,,
771,-37170,207.32358522299998,0.20000000000000284,,
772,-37315,208.685091262475,1.6950000000023764,,
773,-37353,209.495641888,0.4700000000002724,,
774,-37369,209.326456305,0.4849999999891146,,
775,-37389,207.868080375675,0.7850000000033219,,
776,-37429,204.77737582487998,1.0611145084291942,,
777,-37452,191.53156337775,0.9049999999983727,,
778,-37504,198.138503631,1.0315279928331738,,
779,-37565,200.402973875925,1.3649999999976887,,
780,-37671,195.70159247466665,2.0779837984622525,,
781,-37759,196.6742707386,1.0599999999995222,,
782,-37807,193.581354240625,1.1550000000016227,,
783,-37934,193.873098888,0.2003330560175495,,
784,-37950,197.55250733926664,0.6702569988090663,,
785,-38092,192.59565555449998,2.2133007025713356,,
786,-38162,193.08131430805,0.444999999989431,,
787,-38195,193.690311850125,0.41500000000249654,,
788,-38358,197.90454896091208,1.3930725903897043,,
789,-38535,201.32268604261674,1.3724813828002622,,
790,-38603,201.48445246633034,1.0892403637428787,,
791,-38804,200.46615960740988,0.7441562013443747,,
792,-38957,200.96619797440226,1.9203545824214685,,
793,-39217,201.53203042679758,1.8798664059500019,,
794,-39353,204.18539759772148,1.544991580352578,,
795,-39655,205.49006636725477,0.9872666419557048,,
796,-39809,201.12434903906262,1.0021199469320117,,
797,-39950,199.89056576724948,1.3635850489019288,,
798,-40365,200.8960917386434,1.2433347740954794,,
799,-40678,204.82674347655342,0.19154571022416647,,
800,-40899,206.35415471090323,1.0698409764578276,,
801,-41018,204.26047843855292,0.7594749648436543,,
802,-41221,203.16207190191966,1.4258914397439995,,
803,-41400,201.66462398159248,1.8134385343562363,,
804,-41565,204.2219503591491,0.8616038364003018,,
805,-41711,203.18091908152513,1.0517697107880735,,
806,-41859,201.68967291161366,1.1313123305171477,,
807,-42145,204.30591912829976,0.9218977869079986,,
808,-42254,201.99679013111552,0.5218111243675314,,
809,-42400,206.22156348649375,1.8592963740185473,,
810,-42540,204.82615482707928,1.3221096734802074,,
811,-42705,212.28537276723182,0.8466068668648008,,
812,-42866,210.4383494018988,0.561588532800335,,
813,-43046,211.4870756888481,0.34933018594543686,,
814,-43192,207.9533487146811,0.7073278472540326,,
815,-43330,213.9182293789752,0.8169262165638407,,
816,-43510,214.5013713408328,0.8088297806862884,,
817,-43746,217.51186974587569,2.1576038144095637,,
818,-43927,222.71746789063323,0.32868566271236993,,
819,-44107,221.7721744693644,1.7364902686179846,,
820,-44231,219.24687294689662,1.1946939040952502,,
821,-44358,218.34888238109227,1.4496019365237585,,
822,-44685,216.41663219437746,1.436574184581793,,
823,-44796,214.18284619947886,0.9871078824358178,,
824,-44937,210.83763232817873,1.5006610348474876,,
825,-45136,210.2720270577908,0.5322358946823342,,
826,-45364,207.5966069009341,1.2005871906427468,,
827,-45574,204.25993514002081,0.9756946684398324,,
828,-45760,203.7878948817506,0.3866234346912695,,
829,-45993,205.65965094423697,0.9718978970553032,,
830,-46273,206.18208295015899,2.047217959921956,,
831,-46477,200.97514386943084,0.5644855670985924,,
832,-47037,201.57862918592315,0.8803304688920406,,
833,-47352,200.12004323663527,0.4030256278081099,,
834,-47512,204.05803785391646,1.2210021850397488,,
835,-47778,203.8713291389937,1.259233519834919,,
836,-48056,204.37676012041777,1.6493255086518053,,
837,-48270,206.74402693868802,0.47550745724322324,,
838,-48577,207.40999031146947,0.4590722921753041,,
839,-49079,207.63643592103043,0.9100466307214294,,
840,-49481,211.57084710504336,0.392047133733274,,
841,-49829,215.07712976760632,1.772271181941183,,
842,-50136,213.81781717736385,0.7325164623315384,,
843,-50434,219.08254103386616,0.2751713515158044,,
844,-50623,220.7236106732058,0.3561663133683005,,
845,-50850,221.1479059817251,1.0917934144826629,,
846,-51158,223.71721395019227,1.6788952874417788,,
847,-51450,223.261990272584,0.8871385661997827,,
848,-51856,221.13790909272413,1.4904032668909086,,
849,-52206,220.3743647767866,0.8511190264639169,,
850,-52437,217.95673832028174,1.8373349577266482,,
851,-52744,213.88701388029443,1.1375358885809406,,
852,-53064,216.8579026931373,0.6129710484895246,,
853,-53343,208.19350573591464,0.7156257494959056,,
854,-53603,214.7766439566713,0.5454852994420472,,
855,-53959,210.2748744860088,1.2344137510178999,,
856,-54287,207.67411308560085,0.8119068846984854,,
857,-54553,212.4366913146648,0.6749285964465614,,
858,-55260,215.69652704379405,0.6265091105747927,,
859,-55526,217.37632438255054,2.4873052553953374,,
860,-55893,223.71829246142204,0.490766644067691,,
861,-56267,224.35339767076476,0.8005830542803068,,
862,-56483,223.14855036746204,1.2246646335694424,,
863,-57155,231.29357613421678,0.14731669566522526,,
864,-57430,226.35329184425117,1.3718923811450099,,
865,-57783,223.45481611599993,0.6960136714703895,,
866,-58159,216.66068075629482,0.8375778350612826,,
867,-58423,212.87091028761074,0.709019391700449,,
868,-58566,217.25313232793502,0.6007977348797495,,
869,-58867,213.77895408048403,1.3839432095256932,,
870,-59110,207.954258455404,1.2594333599101175,,
871,-59284,210.56770709704924,1.0101836633050179,,
872,-59604,210.90340290966515,0.7008887042887728,,
873,-59950,206.3768851547348,1.1971417450755473,,
874,-60602,202.5567478249938,0.945068176947245,,
875,-60824,202.7086782342372,2.335114615637047,,
876,-61010,200.14813320360096,0.6469126275966279,,
877,-61605,197.40343593339372,1.220084715487215,,
878,-61946,197.24236643525396,0.7811382073070093,,
879,-62163,199.7280299125443,1.3110146840822285,,
880,-62707,203.69546669849038,0.5062972981758816,,
881,-62917,201.67027938028278,1.1874563560641034,,
882,-63096,199.17080568979725,0.6587740542098689,,
883,-63596,208.9757824141881,3.3382138526070633,,
884,-63814,198.17360428453378,0.7423763436748283,,
885,-63987,200.59108353507256,1.4596360005568931,,
886,-64489,204.3859977224767,2.8744808900052328,,
887,-65009,207.20522458616006,1.6867769716178052,,
888,-65364,201.14189964947187,2.002321175210418,,
889,-65779,203.758804582249,1.0599860055072454,,
890,-66196,200.17043811242027,1.6175015368730532,,
891,-66669,203.42547248921588,0.5692673058598249,,
892,-67131,205.42035908699594,0.8930644015592242,,
893,-67642,211.2583877926514,1.1272728187156154,,
894,-68102,215.55081317503786,1.775314860630425,,
895,-68477,220.32661122546068,0.5476438842363787,,
896,-68978,225.17215906542418,1.3788961042233665,,
897,-69329,235.01577011604033,1.2390352850820374,,
898,-69743,237.5634446299485,0.7545232842425287,,
899,-70142,239.45635365708617,0.8837431869705584,,
900,-70540,232.79086554237838,0.9362796900036766,,
901,-70916,232.33476105332247,0.9669352322296013,,
902,-71269,230.89095840633553,2.0903064188268137,,
903,-71800,232.73507960739272,0.9352211498299682,,
904,-72271,231.3339802376306,0.7002675660137408,,
905,-72575,241.2403946279206,0.9823388858331388,,
906,-73117,243.27000593612678,1.6234082934671858,,
907,-73595,249.52367746086176,0.739188557197642,,
908,-73900,249.93957236494836,0.6312608341102495,,
909,-74297,239.34140543854346,1.1246540641246754,,
910,-74746,238.01317290414426,1.980602707725798,,
911,-75106,231.68344444807624,1.5425260726863828,,
912,-75665,224.91795384960736,1.2971109768474158,,
913,-76130,226.64717080896844,0.8409856276132861,,
914,-76557,224.1427524434798,0.6475957884285086,,
915,-77019,227.2993454606292,0.5594774056151716,,
916,-77460,229.25533496544978,1.3440056547131476,,
917,-77927,234.74268285165846,0.7243919054640138,,
918,-78380,230.60058478694174,0.6188836081658208,,
919,-78771,233.92301778529907,1.4557639895311743,,
920,-79256,230.32953997112173,0.7956939133508402,,
921,-79761,234.13416436720672,1.1690031548929674,,
922,-80118,238.88896579028287,0.9379588522496312,,
923,-80576,240.87295493897983,1.6390087862534692,,
924,-81038,246.32246412221588,0.6979685218656663,,
925,-81604,247.1003682352176,0.9963628866853147,,
926,-81990,250.78745315401204,0.7955495338655367,,
927,-82407,243.16072770547603,0.7588685397294654,,
928,-82986,238.42310352799862,1.098171452929049,,
929,-83417,234.68610329976863,0.6026558497435035,,
930,-83940,228.7630419503089,1.5702164153308857,,
931,-84548,223.37741662402166,0.7248273484194657,,
932,-85077,221.05561058442584,2.3192189426938246,,
933,-85631,223.62974404078184,0.9255528771536036,,
934,-86186,217.8009629500103,1.570896058914503,,
935,-86751,223.98941409211108,0.5037664470855885,,
936,-87294,227.3783735355835,1.0994600980061504,,
937,-87746,228.87834564758057,0.5827139079255338,,
938,-88367,229.73738145870655,1.2932470859753369,,
939,-88884,231.55865048827815,0.5657796451497026,,
940,-89495,231.12075636405777,0.5746336904186475,,
941,-89999,233.74184029367558,1.1116439014712285,,
942,-90717,232.45568865935815,2.220579734316614,,
943,-91474,235.1600042216258,0.825646178065128,,
944,-91873,238.20709532731436,0.7742785032639387,,
945,-92618,242.40636016295775,0.5336583881577264,,
946,-93284,242.91411717720837,1.0680429441934671,,
947,-93971,246.19646528867355,1.5429840266572261,,
948,-94524,245.7647295013877,0.5968319850410163,,
949,-95320,242.35406601147713,2.0356171058595214,,
950,-95977,239.85849997327506,0.44902024787341865,,
951,-96633,243.17988778616598,0.2329829887657525,,
952,-97411,242.98971287919505,1.0068160467597298,,
953,-98126,245.62557787811392,1.0691576059963779,,
954,-98593,247.872113110669,1.0978904362663182,,
955,-99375,244.762424566832,1.1289953724167154,,
956,-100021,240.0715355271941,0.9399178816334111,,
957,-100814,237.07327561500702,1.7537460901846784,,
958,-101358,240.68407213384208,0.9370622200614069,,
959,-102324,247.76162928794554,0.8302234054354171,,
960,-102381,238.88,1.55,,
961,-103016,242.36,2.64962962962963,,
962,-103557,248.78,9.96,,
963,-104039,257.58,4.2,,
964,-104306,241.4,2.64962962962963,,
965,-104418,244.83,3.05,,
966,-105024,240.34,2.64962962962963,,
967,-106451,236.43,2.64962962962963,,
968,-107179,244.44,1.58,,
969,-107889,244.13,2.64962962962963,,
970,-108605,246.69,2.64962962962963,,
971,-109926,257.93,2.94,,
972,-110686,256.79,2.64962962962963,,
973,-110991,263.12,2.64962962962963,,
974,-111169,264.75,3.64,,
975,-111728,260.58,2.64962962962963,,
976,-112300,267.9,2.64962962962963,,
977,-112865,275.07,2.64962962962963,,
978,-113496,276.96,1.63,,
979,-113958,273.16,2.64962962962963,,
980,-114525,273.63,2.64962962962963,,
981,-115235,274.03,2.64962962962963,,
982,-115669,274.98,4.03,,
983,-116708,277.72,2.64962962962963,,
984,-117292,267.74,2.64962962962963,,
985,-117765,274.59,1.3,,
986,-118194,268.73,2.64962962962963,,
987,-118592,276.82,2.64962962962963,,
988,-119476,279.48,2.26,,
989,-119891,276.61,2.64962962962963,,
990,-120150,278.25,3.4,,
991,-120342,279.0,2.64962962962963,,
992,-121063,279.16,2.64962962962963,,
993,-121680,274.6,6.56,,
994,-122009,275.87,2.64962962962963,,
995,-122454,281.54,2.64962962962963,,
996,-122867,275.52,2.64962962962963,,
997,-123342,276.81,2.78,,
998,-124063,275.15,2.64962962962963,,
999,-124749,273.02,2.64962962962963,,
1000,-125012,274.93,2.64962962962963,,
1001,-125363,275.78,2.64962962962963,,
1002,-125553,276.88,3.83,,
1003,-126074,276.03,0.28,,
1004,-126222,280.72,2.64962962962963,,
1005,-126516,285.76,2.64962962962963,,
1006,-126928,271.08,2.64962962962963,,
1007,-127128,268.44,1.92,,
1008,-127705,260.61,3.45,,
1009,-128423,251.84,2.64962962962963,,
1010,-128868,250.84,2.64962962962963,,
1011,-129372,241.13,1.89,,
1012,-130026,232.28,2.64962962962963,,
1013,-130759,228.0,2.64962962962963,,
1014,-130981,224.63,2.64962962962963,,
1015,-131825,222.74,2.64962962962963,,
1016,-132572,212.43,2.64962962962963,,
1017,-134615,203.74,0.79,,
1018,-135813,199.18,2.64962962962963,,
1019,-136884,198.55,1.08,,
1020,-137999,192.75,0.19,,
1021,-140410,196.51,0.95,,
1022,-141701,194.59,2.64962962962963,,
1023,-142849,196.02,2.64962962962963,,
1024,-144158,193.59,0.64,,
1025,-146283,195.81,4.05,,
1026,-147516,201.78,2.64962962962963,,
1027,-148644,202.51,2.64962962962963,,
1028,-149494,202.35,1.86,,
1029,-151824,198.78,1.73,,
1030,-152939,196.3,2.64962962962963,,
1031,-154356,189.38,2.64962962962963,,
1032,-156716,189.0,3.0,,
1033,-157766,185.5,3.0,,
1034,-158204,187.5,3.0,,
1035,-161908,204.3,3.0,,
1036,-162384,196.5,3.0,,
1037,-164193,191.6,3.0,,
1038,-164834,190.1,3.0,,
1039,-165964,186.7,3.0,,
1040,-166795,183.8,3.0,,
1041,-167564,196.6,3.0,,
1042,-169989,197.8,3.0,,
1043,-172492,197.7,3.0,,
1044,-173883,196.0,3.0,,
1045,-174903,190.3,3.0,,
1046,-175583,189.4,3.0,,
1047,-175779,190.1,3.0,,
1048,-177923,207.7,3.0,,
1049,-179352,213.2,3.0,,
1050,-180246,217.7,3.0,,
1051,-181307,198.1,3.0,,
1052,-182421,199.7,3.0,,
1053,-184461,203.4,3.0,,
1054,-186487,210.7,3.0,,
1055,-187856,231.3,3.0,,
1056,-189304,231.4,3.0,,
1057,-190014,220.3,3.0,,
1058,-191124,218.0,3.0,,
1059,-193176,226.5,3.0,,
1060,-193849,220.0,3.0,,
1061,-195637,226.4,3.0,,
1062,-196377,241.2,3.0,,
1063,-196988,242.6,3.0,,
1064,-199802,250.9,3.0,,
1065,-200794,239.1,3.0,,
1066,-201892,247.6,3.0,,
1067,-203253,244.4,3.0,,
1068,-203625,231.9,3.0,,
1069,-203994,232.2,3.0,,
1070,-204409,228.6,3.0,,
1071,-204946,226.3,3.0,,
1072,-205290,229.4,3.0,,
1073,-205672,231.4,3.0,,
1074,-206158,238.1,3.0,,
1075,-206324,237.2,3.0,,
1076,-206871,230.0,3.0,,
1077,-207132,240.5,3.0,,
1078,-207495,242.2,3.0,,
1079,-208016,244.6,3.0,,
1080,-208225,243.9,3.0,,
1081,-208882,247.2,3.0,,
1082,-209108,252.0,3.0,,
1083,-209627,246.9,3.0,,
1084,-210128,239.5,3.0,,
1085,-210583,257.4,3.0,,
1086,-211380,243.4,3.0,,
1087,-212208,251.2,3.0,,
1088,-213130,241.4,3.0,,
1089,-213962,240.3,3.0,,
1090,-214356,242.6,3.0,,
1091,-214914,247.5,3.0,,
1092,-215465,251.7,3.0,,
1093,-215744,251.1,3.0,,
1094,-216250,245.3,3.0,,
1095,-217117,240.5,3.0,,
1096,-218985,214.1,3.0,,
1097,-219747,216.1,3.0,,
1098,-220589,207.1,3.0,,
1099,-221179,208.8,3.0,,
1100,-222321,205.6,3.0,,
1101,-224309,203.3,3.0,,
1102,-224899,215.7,3.0,,
1103,-225769,235.5,3.0,,
1104,-226489,234.5,3.0,,
1105,-226816,233.1,3.0,,
1106,-227622,224.5,3.0,,
1107,-229179,232.4,3.0,,
1108,-230241,233.9,3.0,,
1109,-230906,241.6,3.0,,
1110,-234040,245.2,3.0,,
1111,-234476,252.1,3.0,,
1112,-234900,241.4,3.0,,
1113,-235441,247.4,3.0,,
1114,-235955,243.1,3.0,,
1115,-236475,239.1,3.0,,
1116,-237058,245.6,3.0,,
1117,-237437,245.8,3.0,,
1118,-237788,247.4,3.0,,
1119,-238240,252.8,3.0,,
1120,-239383,259.7,3.0,,
1121,-239905,263.2,3.0,,
1122,-240735,279.0,3.0,,
1123,-241188,280.2,3.0,,
1124,-242171,263.7,3.0,,
1125,-242632,252.3,3.0,,
1126,-243107,249.9,3.0,,
1127,-243614,236.7,3.0,,
1128,-244238,230.4,3.0,,
1129,-244920,219.4,3.0,,
1130,-247149,214.7,3.0,,
1131,-249440,200.2,3.0,,
1132,-250182,213.9,3.0,,
1133,-251003,195.4,3.0,,
1134,-251806,196.7,3.0,,
1135,-252637,195.4,3.0,,
1136,-254348,199.0,3.0,,
1137,-255110,201.9,3.0,,
1138,-255958,204.0,3.0,,
1139,-257446,203.9,3.0,,
1140,-258944,209.6,3.0,,
1141,-259343,205.7,3.0,,
1142,-260104,208.9,3.0,,
1143,-260867,214.6,3.0,,
1144,-262633,228.1,3.0,,
1145,-264184,199.9,3.0,,
1146,-265057,211.7,3.0,,
1147,-266307,188.7,3.0,,
1148,-267045,187.2,3.0,,
1149,-267990,194.2,3.0,,
1150,-269086,198.8,3.0,,
1151,-270199,184.7,3.0,,
1152,-271215,190.4,3.0,,
1153,-272214,193.9,3.0,,
1154,-273204,194.1,3.0,,
1155,-274307,198.4,3.0,,
1156,-275493,193.2,3.0,,
1157,-276640,202.2,3.0,,
1158,-277669,204.5,3.0,,
1159,-278608,211.0,3.0,,
1160,-279450,215.3,3.0,,
1161,-280642,223.7,3.0,,
1162,-282484,231.3,3.0,,
1163,-283981,228.0,3.0,,
1164,-284659,226.4,3.0,,
1165,-285493,231.4,3.0,,
1166,-285870,230.4,3.0,,
1167,-286336,231.0,3.0,,
1168,-288234,234.9,3.0,,
1169,-288913,220.4,3.0,,
1170,-289612,217.1,3.0,,
1171,-290868,207.6,3.0,,
1172,-291700,206.0,3.0,,
1173,-292505,206.7,3.0,,
1174,-293414,212.7,3.0,,
1175,-294878,213.1,3.0,,
1176,-296754,217.1,3.0,,
1177,-297426,224.4,3.0,,
1178,-298165,231.0,3.0,,
1179,-299075,236.1,3.0,,
1180,-300134,239.0,3.0,,
1181,-301166,236.0,3.0,,
1182,-302150,240.2,3.0,,
1183,-303149,240.7,3.0,,
1184,-303828,250.2,3.0,,
1185,-304631,248.6,3.0,,
1186,-305513,244.8,3.0,,
1187,-306375,225.8,3.0,,
1188,-307473,227.8,3.0,,
1189,-308060,226.2,3.0,,
1190,-308826,233.2,3.0,,
1191,-309720,237.8,3.0,,
1192,-310643,239.0,3.0,,
1193,-311393,241.9,3.0,,
1194,-312101,251.6,3.0,,
1195,-312886,256.7,3.0,,
1196,-313707,257.1,3.0,,
1197,-314500,246.8,3.0,,
1198,-315199,272.6,3.0,,
1199,-315982,251.6,3.0,,
1200,-316902,245.2,3.0,,
1201,-317879,233.4,3.0,,
1202,-318966,255.8,3.0,,
1203,-319867,249.2,3.0,,
1204,-321433,257.2,3.0,,
1205,-322216,260.4,3.0,,
1206,-323057,260.3,3.0,,
1207,-323873,260.5,3.0,,
1208,-324641,266.2,3.0,,
1209,-325485,264.0,3.0,,
1210,-326136,266.1,3.0,,
1211,-326820,270.1,3.0,,
1212,-327464,271.9,3.0,,
1213,-328103,275.1,3.0,,
1214,-329343,265.0,3.0,,
1215,-330194,271.7,3.0,,
1216,-330848,272.6,3.0,,
1217,-331550,273.1,3.0,,
1218,-332047,282.4,3.0,,
1219,-332399,289.1,3.0,,
1220,-332593,288.4,3.0,,
1221,-333152,298.6,3.0,,
1222,-333757,278.1,3.0,,
1223,-334427,285.8,3.0,,
1224,-334917,278.6,3.0,,
1225,-335566,270.5,3.0,,
1226,-336263,255.7,3.0,,
1227,-337041,241.9,3.0,,
1228,-338033,239.6,3.0,,
1229,-338785,234.2,3.0,,
1230,-340841,250.1,3.0,,
1231,-341973,200.7,3.0,,
1232,-343050,205.2,3.0,,
1233,-344370,204.8,3.0,,
1234,-345594,211.9,3.0,,
1235,-347189,220.3,3.0,,
1236,-349726,221.1,3.0,,
1237,-351224,216.2,3.0,,
1238,-352462,209.4,3.0,,
1239,-353867,209.2,3.0,,
1240,-357060,193.0,3.0,,
1241,-358733,186.1,3.0,,
1242,-360617,185.8,3.0,,
1243,-363240,201.2,3.0,,
1244,-366115,206.3,3.0,,
1245,-369435,201.9,3.0,,
1246,-371507,199.9,3.0,,
1247,-373254,214.7,3.0,,
1248,-375084,224.6,3.0,,
1249,-376810,229.6,3.0,,
1250,-380981,227.0,3.0,,
1251,-382607,240.0,3.0,,
1252,-384333,239.1,3.0,,
1253,-385874,246.8,3.0,,
1254,-387460,245.8,3.0,,
1255,-390337,258.1,3.0,,
1256,-391027,259.5,3.0,,
1257,-392053,273.6,3.0,,
1258,-392956,260.7,3.0,,
1259,-396325,276.3,3.0,,
1260,-397976,277.1,3.0,,
1261,-398760,283.2,3.0,,
1262,-400190,283.1,3.0,,
1263,-400909,275.7,3.0,,
1264,-402363,276.5,3.0,,
1265,-403112,280.5,3.0,,
1266,-404592,279.6,3.0,,
1267,-405332,285.6,3.0,,
1268,-406868,284.5,3.0,,
1269,-407648,274.7,3.0,,
1270,-408503,282.6,3.0,,
1271,-409397,283.5,3.0,,
1272,-411308,274.9,3.0,,
1273,-412260,264.9,3.0,,
1274,-413229,271.6,3.0,,
1275,-413995,276.4,1.6,,
1276,-414475,271.7,1.2,,
1277,-415490,273.4,1.5,,
1278,-416006,271.8,1.7,,
1279,-416555,274.6,1.8,,
1280,-417625,273.7,0.8,,
1281,-418183,271.2,1.5,,
1282,-418751,273.8,1.6,,
1283,-419962,268.6,1.4,,
1284,-420582,266.4,1.8,,
1285,-421275,270.6,1.1,,
1286,-422557,267.7,2.9,,
1287,-423182,268.3,1.9,,
1288,-423790,270.8,1.1,,
1289,-424287,270.0,2.5,,
1290,-424671,265.4,2.0,,
1291,-425204,255.3,1.3,,
1292,-425991,252.1,0.7,,
1293,-426890,248.2,0.9,,
1294,-427228,242.5,1.5,,
1295,-429073,219.7,1.7,,
1296,-430229,227.2,2.2,,
1297,-431900,211.5,1.7,,
1298,-432429,207.6,1.3,,
1299,-433989,209.8,1.6,,
1300,-435535,207.5,1.3,,
1301,-437113,200.3,1.6,,
1302,-438709,201.7,1.6,,
1303,-440280,201.3,1.1,,
1304,-441894,202.0,1.5,,
1305,-443381,199.1,1.1,,
1306,-445269,201.1,0.9,,
1307,-446509,203.5,0.6,,
1308,-447621,208.1,1.8,,
1309,-448692,201.7,1.7,,
1310,-449797,201.2,2.1,,
1311,-450785,204.9,1.4,,
1312,-451825,201.9,1.8,,
1313,-452914,198.4,1.3,,
1314,-454051,193.3,1.6,,
1315,-455164,192.5,1.0,,
1316,-455795,199.1,0.6,,
1317,-456258,204.3,1.0,,
1318,-456844,203.3,1.0,,
1319,-457261,208.3,1.4,,
1320,-458302,202.4,1.3,,
1321,-459336,195.5,0.8,,
1322,-460464,190.7,1.9,,
1323,-461576,194.4,0.7,,
1324,-462649,199.9,2.6,,
1325,-463315,205.2,0.9,,
1326,-463651,210.0,0.7,,
1327,-464682,208.1,2.2,,
1328,-465756,204.4,1.9,,
1329,-466927,203.4,1.2,,
1330,-468090,205.5,0.9,,
1331,-468775,206.5,0.9,,
1332,-469250,215.5,2.3,,
1333,-469874,218.7,0.9,,
1334,-470313,229.2,1.4,,
1335,-470913,232.7,0.7,,
1336,-471267,243.7,1.8,,
1337,-471850,243.9,1.1,,
1338,-472142,245.6,0.9,,
1339,-473024,241.2,1.7,,
1340,-473975,233.1,0.6,,
1341,-474999,232.8,1.1,,
1342,-475991,236.6,1.0,,
1343,-476942,239.1,0.9,,
1344,-477452,236.5,1.2,,
1345,-477825,231.3,1.0,,
1346,-478378,220.8,0.7,,
1347,-478776,218.8,2.3,,
1348,-479712,223.8,1.4,,
1349,-480630,223.4,1.7,,
1350,-481445,227.3,1.3,,
1351,-482229,231.4,1.1,,
1352,-482986,231.4,1.3,,
1353,-483717,231.2,1.2,,
1354,-484448,233.0,1.4,,
1355,-485179,232.9,1.2,,
1356,-485898,231.3,1.2,,
1357,-486615,237.1,1.8,,
1358,-487352,242.0,0.2,,
1359,-487769,240.9,0.4,,
1360,-488076,252.8,2.5,,
1361,-488544,249.3,2.7,,
1362,-488783,242.6,0.6,,
1363,-489501,243.3,1.3,,
1364,-490204,246.7,1.6,,
1365,-490913,243.7,1.4,,
1366,-491643,239.7,1.9,,
1367,-492350,239.1,1.2,,
1368,-493074,238.3,2.0,,
1369,-493775,238.5,1.4,,
1370,-494494,237.6,1.6,,
1371,-495237,236.4,2.1,,
1372,-496015,236.5,1.7,,
1373,-496787,232.8,0.8,,
1374,-497576,230.6,0.5,,
1375,-498354,230.8,1.0,,
1376,-499133,228.2,1.7,,
1377,-499911,230.8,1.4,,
1378,-500687,231.2,0.8,,
1379,-501468,232.0,1.6,,
1380,-502227,232.2,1.4,,
1381,-502961,234.1,0.8,,
1382,-503734,233.9,1.1,,
1383,-504533,235.5,1.8,,
1384,-505362,236.0,2.1,,
1385,-506167,238.2,0.9,,
1386,-506990,237.0,0.8,,
1387,-507834,240.3,0.7,,
1388,-508702,233.4,1.0,,
1389,-509562,236.4,1.4,,
1390,-510413,235.2,0.5,,
1391,-511254,242.0,0.8,,
1392,-512083,238.2,1.0,,
1393,-512897,239.2,1.2,,
1394,-513700,241.5,1.3,,
1395,-514470,243.0,0.5,,
1396,-515204,247.2,2.2,,
1397,-515926,246.2,2.6,,
1398,-516650,245.5,1.1,,
1399,-517379,245.3,1.3,,
1400,-518123,247.7,1.4,,
1401,-518871,245.5,0.8,,
1402,-519624,243.5,0.7,,
1403,-521851,241.9,1.4,,
1404,-522620,236.8,0.8,,
1405,-523387,235.8,1.2,,
1406,-524156,233.7,0.7,,
1407,-524945,230.3,0.8,,
1408,-525748,227.8,0.6,,
1409,-526566,224.7,1.9,,
1410,-527453,222.7,1.0,,
1411,-528340,221.2,1.2,,
1412,-529251,220.3,0.5,,
1413,-530128,220.7,0.9,,
1414,-530642,214.5,0.5,,
1415,-531037,211.4,2.2,,
1416,-531604,204.4,0.6,,
1417,-531982,200.0,0.8,,
1418,-532718,195.1,0.7,,
1419,-533093,193.8,0.8,,
1420,-533745,190.5,1.7,,
1421,-534228,199.8,1.2,,
1422,-535384,199.4,0.8,,
1423,-536490,205.0,0.9,,
1424,-537563,206.4,0.7,,
1425,-538633,212.9,1.3,,
1426,-539703,211.2,0.7,,
1427,-540790,205.0,0.8,,
1428,-541894,203.6,1.2,,
1429,-542935,208.1,0.8,,
1430,-543914,210.3,1.6,,
1431,-544880,209.6,1.6,,
1432,-545856,209.7,0.8,,
1433,-546820,204.6,1.9,,
1434,-547770,202.5,1.6,,
1435,-548280,208.8,0.7,,
1436,-548632,213.6,0.9,,
1437,-549431,215.2,0.5,,
1438,-550161,219.9,0.5,,
1439,-550731,221.7,1.4,,
1440,-551070,222.3,0.9,,
1441,-551295,226.3,0.9,,
1442,-551669,222.1,1.1,,
1443,-551858,220.3,0.3,,
1444,-552529,223.6,1.1,,
1445,-553208,224.3,2.2,,
1446,-553892,226.7,1.2,,
1447,-554457,233.9,1.5,,
1448,-554973,241.0,1.4,,
1449,-555248,243.0,0.8,,
1450,-555435,249.1,2.1,,
1451,-555707,244.0,1.5,,
1452,-555888,250.5,0.8,,
1453,-556204,245.6,1.3,,
1454,-556356,240.4,0.9,,
1455,-556827,238.1,1.2,,
1456,-557366,234.5,1.0,,
1457,-557686,229.7,0.4,,
1458,-557922,230.2,0.7,,
1459,-558486,230.3,1.5,,
1460,-559015,228.3,0.9,,
1461,-559500,231.6,1.2,,
1462,-559938,231.9,1.2,,
1463,-560360,234.6,1.5,,
1464,-560705,234.1,0.9,,
1465,-561184,240.1,2.1,,
1466,-561585,242.3,0.5,,
1467,-561977,245.7,1.8,,
1468,-562360,245.8,0.5,,
1469,-562774,247.6,1.5,,
1470,-563184,251.4,1.7,,
1471,-563588,252.4,1.7,,
1472,-563945,252.6,1.0,,
1473,-564295,251.4,0.7,,
1474,-564638,253.7,0.8,,
1475,-564968,254.3,1.6,,
1476,-565289,253.9,0.7,,
1477,-565598,254.5,1.6,,
1478,-565934,253.2,0.9,,
1479,-566254,253.9,1.2,,
1480,-566584,252.8,1.1,,
1481,-566980,253.0,0.6,,
1482,-567364,250.2,0.4,,
1483,-567733,251.3,1.3,,
1484,-568117,250.0,1.3,,
1485,-568513,251.3,1.3,,
1486,-568912,251.8,1.2,,
1487,-569311,251.8,1.3,,
1488,-569683,249.6,0.5,,
1489,-570024,251.6,1.7,,
1490,-570365,250.3009961681342,1.0367141312613442,,
1491,-570719,246.30955184938028,1.1463086611230204,,
1492,-571103,247.65697248974385,0.6803772992000607,,
1493,-571525,249.18618138857704,1.083259495255621,,
1494,-571963,248.72078039844754,0.3908957770107191,,
1495,-572414,251.7666008144979,1.7773613165168483,,
1496,-572856,251.86150476654132,0.6979653871810029,,
1497,-573283,252.08002667419618,1.3008693087626229,,
1498,-573704,248.8639219697805,0.9769547197838526,,
1499,-574162,252.543697553062,0.521554005548807,,
1500,-574649,252.8973536409592,1.0607246117810047,,
1501,-575165,251.2965766771463,1.059293978043261,,
1502,-575703,251.34172534675196,1.1303544188686772,,
1503,-576246,251.0792763522184,0.595627620512461,,
1504,-576792,249.0568689785398,0.48073952942542497,,
1505,-577330,252.92340485161623,1.065351284794579,,
1506,-577883,251.47302309267096,1.8038686375787312,,
1507,-578260,244.13978325747763,1.670671659998862,,
1508,-578451,243.8071398156684,0.868290266631439,,
1509,-578864,236.17021956160747,0.3017587944803129,,
1510,-579168,230.2553890769855,0.5724214276419878,,
1511,-579596,225.2070402346668,1.565155138170304,,
1512,-579978,219.41265806017452,0.8117183114200421,,
1513,-580504,215.44586651227405,1.07096189858344,,
1514,-580886,209.88341782048894,1.1769936805769108,,
1515,-581624,206.68125254107684,0.5068690755391836,,
1516,-582008,210.63901783350494,0.6383923432232126,,
1517,-584770,223.95763277250387,0.8675012574815162,,
1518,-585221,225.9929310765137,1.4457602611893452,,
1519,-585938,234.40092907192803,0.5019958595323035,,
1520,-586329,238.78411585346242,0.9756810880396091,,
1521,-586990,246.34602904387208,1.8029438166959193,,
1522,-587475,250.20456464222792,0.40071089974408963,,
1523,-588090,248.10464236577934,0.559608662543458,,
1524,-588538,243.5553025827732,0.7599033856330139,,
1525,-589069,237.37751240309967,0.7514988885033725,,
1526,-590433,225.67880356583396,1.1274976170016897,,
1527,-590835,229.38667009211042,1.2532747452078818,,
1528,-591611,233.1632188953882,0.28248060194336955,,
1529,-592096,238.1475936125431,0.8935873097575461,,
1530,-592913,237.97721461986356,1.0535690359542107,,
1531,-593486,232.91795566697328,0.5962378482178416,,
1532,-594271,221.21724287329997,1.7682609591816072,,
1533,-594841,216.4410115698623,0.91316283531538,,
1534,-595853,216.27309709713364,1.4842578543166225,,
1535,-596379,219.02228033882918,1.0028359108385987,,
1536,-597268,225.97166266475014,1.1365546928663077,,
1537,-597864,229.38148051861887,1.3931304975329866,,
1538,-599305,232.45478922791705,1.3038065350794426,,
1539,-600650,237.8582812314746,0.7911132918851009,,
1540,-601999,239.14012591458967,1.0943850856139088,,
1541,-603353,244.53225161700482,0.7016670002253649,,
1542,-604675,248.4801850050678,1.6785306654369767,,
1543,-606029,254.57832546938147,1.2212819152641674,,
1544,-607297,259.22379791893974,1.8163805355875091,,
1545,-608479,257.74486774223317,0.45752465971734674,,
1546,-609601,257.8151013837554,2.1059044636026454,,
1547,-609650,259.6847091794925,1.1644945032222638,,
1548,-610811,258.13797445364014,1.4145866443089945,,
1549,-611992,256.193578648728,0.39239183410143125,,
1550,-613190,252.74797477389262,1.0558532435516896,,
1551,-614349,252.8982584181087,0.6188803786276929,,
1552,-614406,252.729800513971,0.9356804108588554,,
1553,-615659,252.63944486217684,1.0614482021587828,,
1554,-617003,248.28893339724928,1.000936592352468,,
1555,-618333,245.88658787248076,0.28684579173924313,,
1556,-619701,243.53068358638558,0.8113406949026285,,
1557,-621000,243.88545246756433,2.8407290620542276,,
1558,-621104,239.19230883467588,0.8325415437760351,,
1559,-622546,237.92850701362374,1.0247168068851593,,
1560,-623447,235.02330647237795,0.3465564486843668,,
1561,-624097,228.51222535135372,0.8830231439022055,,
1562,-625019,215.70968264504967,0.4796657087953161,,
1563,-625880,205.76310728563763,0.9357682297417156,,
1564,-627189,199.52416462021898,0.7680869674659921,,
1565,-627819,205.26582182975858,0.8675590803826428,,
1566,-627916,200.77734554085592,0.4993715182694097,,
1567,-629576,200.45706932834122,1.8142630735080978,,
1568,-630406,196.49917279673912,1.514601076047805,,
1569,-632127,193.09789993536265,1.5526757621230791,,
1570,-632931,195.94989153226658,1.5295453093531153,,
1571,-633059,194.85936588137295,1.7631466086235197,,
1572,-634571,194.00258992033588,0.656973472184163,,
1573,-635764,195.33150117951013,1.850606616232673,,
1574,-637468,188.8477364074226,0.9625092283250918,,
1575,-638422,190.1777336005101,0.4988112904085067,,
1576,-640124,191.38425695346518,1.0476237359173044,,
1577,-640906,191.5605717991007,1.125125660975763,,
1578,-642350,195.3061298127235,1.2535435328206734,,
1579,-643200,195.82042744328479,0.9496040152720904,,
1580,-644426,189.88548096825593,2.0195381674049586,,
1581,-645304,191.8480609628653,1.0021358748154088,,
1582,-646662,193.47659870780961,0.7445260814920164,,
1583,-647241,196.17149410495196,0.43847446571684556,,
1584,-648398,189.2501799432969,1.217006115287788,,
1585,-648997,193.44315462070247,0.710364547509546,,
1586,-650154,187.2748940558699,0.5419652663388468,,
1587,-650758,186.7937683040444,0.9689950746862729,,
1588,-651780,192.8691774329536,1.8458811199062075,,
1589,-652488,194.81602929906575,0.9848635910685707,,
1590,-653574,199.99595342018023,0.533737275122934,,
1591,-654182,200.35242454933484,0.7452710439425393,,
1592,-655231,192.9341212467433,0.6495834043117569,,
1593,-655704,189.23340881737832,1.782637246447658,,
1594,-655771,190.8769405532136,0.8745422048769677,,
1595,-656814,184.098136363561,0.2872499959310805,,
1596,-657343,187.3800806732598,1.0624536886831397,,
1597,-657461,185.6837857761792,0.41429880571627437,,
1598,-658513,188.43427447380085,0.952114568150456,,
1599,-659168,193.9700304568731,0.9860539703018263,,
1600,-659265,191.59170346951032,0.7748889463688593,,
1601,-660332,189.69058418048212,1.5153285959589515,,
1602,-660846,193.90821704355406,2.1187140471892407,,
1603,-660927,190.86103041769672,1.0188990068199388,,
1604,-661987,191.02249326390395,1.2013429676122072,,
1605,-662370,192.55321359717547,1.303303128464265,,
1606,-662458,187.76703230989094,0.8324468692082797,,
1607,-663371,180.16659707392193,1.1165737704283798,,
1608,-663886,180.53768178380184,1.116933774815544,,
1609,-664803,174.76867941399888,1.0439980375019227,,
1610,-665459,173.71362014216885,1.3774806668983484,,
1611,-666465,177.7146610306198,0.6829207941950545,,
1612,-666965,180.6705433303129,0.7071238177117776,,
1613,-667869,187.6555369926176,0.18350389395851932,,
1614,-668346,191.5141318512642,0.9243574463449339,,
1615,-669120,194.87837297832084,0.9683245955434528,,
1616,-669507,196.8275423165405,0.6946123830988237,,
1617,-670200,194.789560383579,0.5814576171521617,,
1618,-670811,197.12915219406037,0.9922885896023796,,
1619,-671746,201.1220985980582,1.0023985105114763,,
1620,-672279,204.66974564632602,0.7311593303092837,,
1621,-673078,211.69145610328425,0.5840187534379967,,
1622,-673456,216.1224817958984,0.8064128363641915,,
1623,-674580,222.57485445876674,0.7600945737942328,,
1624,-675202,219.96238463739664,0.6068220435788323,,
1625,-675650,216.59070226826563,0.9337002877588132,,
1626,-676378,218.20973466460342,1.380134405410298,,
1627,-676791,220.08623711545596,1.5245742876948927,,
1628,-677505,229.16045804591084,0.8058615073712767,,
1629,-677785,232.70102424711226,0.8978986975794354,,
1630,-678362,233.61111358821643,0.5501250025259403,,
1631,-678677,233.1080061479115,1.163398055546719,,
1632,-679275,225.80855816583323,1.211256716881031,,
1633,-679719,227.89516025735253,1.3195337970007541,,
1634,-680393,221.30626385386472,0.8869720844699525,,
1635,-680790,219.1411841639893,0.9510402564768944,,
1636,-681507,220.23521867492758,1.6793307751582849,,
1637,-681878,222.6967127552533,0.6043873195707454,,
1638,-682473,225.64160209672895,1.649888470751343,,
1639,-682808,224.3560776723839,1.2948697687199315,,
1640,-683344,221.82035466276145,0.7708420713808073,,
1641,-683729,220.62261407272987,0.6968539570047005,,
1642,-684319,220.6316642042182,1.3852335293701394,,
1643,-684631,222.61792578852743,1.0450375122331623,,
1644,-685204,222.7044405108711,1.0539787556944247,,
1645,-685495,222.96501296914875,1.242740476446459,,
1646,-686050,226.72892608676472,1.0037480094564408,,
1647,-686350,227.65046207304692,1.3423382221382965,,
1648,-686859,227.6358560751815,1.136448920064188,,
1649,-687207,230.66878933516546,1.6632944084792058,,
1650,-687743,232.0747771551575,1.289678689631009,,
1651,-688001,232.26747586461005,1.4855775774543165,,
1652,-688524,235.8000553317824,0.9915758682460468,,
1653,-688786,236.4535724768809,0.5292332852170494,,
1654,-689271,239.2879301088554,1.0526140521315526,,
1655,-689517,238.41599878810229,1.2427951974014642,,
1656,-690017,239.37873479610943,1.9531625178587462,,
1657,-690368,243.5623167259663,0.5615712358602863,,
1658,-690882,239.2983940505077,1.2702858850717482,,
1659,-691127,238.47330442832686,2.146507655433375,,
1660,-691624,243.6995486644999,2.1001610782243145,,
1661,-691871,237.75600797769894,0.8390637265288013,,
1662,-692330,239.34063326328518,0.9852721995442375,,
1663,-692586,240.45669225384142,0.706995324711814,,
1664,-692999,239.31113174299168,0.9149304994304087,,
1665,-693309,239.79653384828728,1.4236919582148562,,
1666,-693782,236.79873479326412,0.5690322368477511,,
1667,-694031,238.73723027829791,1.4643830907130537,,
1668,-694484,238.0518499460627,1.5192031536532,,
1669,-694694,238.13269799082363,1.2835785695066602,,
1670,-695140,239.4354918894625,0.9602570570952549,,
1671,-695392,238.41997928360914,1.1080601774993268,,
1672,-695796,239.884743914407,1.274905017933054,,
1673,-696089,241.02991515817237,0.7922983600174459,,
1674,-696555,240.89904625193032,1.9198505668566448,,
1675,-696803,241.8320311598419,0.7341267046957969,,
1676,-697265,238.8636108455049,1.0218918248494921,,
1677,-697489,239.00952129629684,0.6497623661608994,,
1678,-697914,239.72641961823388,0.7994093552529205,,
1679,-698153,237.20611593740935,0.5512069977009676,,
1680,-698535,236.7173884297771,0.6524884589654495,,
1681,-698864,236.60700141533357,0.4848020176850984,,
1682,-699318,235.4215271002262,0.9696813467969794,,
1683,-699574,232.4560078431405,0.5413149660834912,,
1684,-700043,230.88479116742866,1.0192437361272138,,
1685,-700250,232.162121529527,0.749892869556236,,
1686,-700784,232.1824465330735,1.6181229748887094,,
1687,-701059,230.58782898361125,0.25590106736241497,,
1688,-701518,233.35390620979757,1.2560202606279032,,
1689,-701846,232.28052064575172,1.1232284084836799,,
1690,-702300,232.82958847745473,0.5223882324016058,,
1691,-702631,233.54448715907165,1.3579838280093441,,
1692,-703103,234.04269676194465,0.46375458507322664,,
1693,-703293,235.09172492612444,1.678910402112148,,
1694,-703776,237.18468030646915,1.3260284797880697,,
1695,-704103,237.66123151682797,1.5677114479839878,,
1696,-704542,236.05369135840695,1.751908720085537,,
1697,-704760,236.04534030139132,0.9321061942307596,,
1698,-705360,238.84806965208156,0.7954888196751801,,
1699,-705693,233.50528810247422,1.4608821629261608,,
1700,-706249,233.5834734270881,1.0034731769051097,,
1701,-706463,233.11228487432953,1.0084088518327274,,
1702,-707009,234.83616059567032,1.1452033009545937,,
1703,-707503,231.43297127712552,0.8594372070505555,,
1704,-707959,230.50735989141307,0.9947648551902576,,
1705,-708506,227.03282273035802,0.7326408880228399,,
1706,-709033,224.9017352890244,0.6243739057945483,,
1707,-709449,225.38896913374532,0.291783548070744,,
1708,-710071,224.12344691621362,1.4853738817191908,,
1709,-710293,224.00174372112798,1.446255348232054,,
1710,-711362,223.8856925917568,0.4686841472687137,,
1711,-712115,227.63734055505353,1.6085689588669903,,
1712,-712453,227.08319713303533,2.013014658797588,,
1713,-713165,223.14262795384457,0.5882266014336878,,
1714,-713615,227.5826981949172,0.5548756557206188,,
1715,-714360,213.59999290263295,0.6576049913218635,,
1716,-714635,210.50988746288758,1.6545488906952164,,
1717,-715398,198.42559568024177,1.1695152879867936,,
1718,-716005,189.87843381686548,1.1284184900240544,,
1719,-716828,193.46090298257135,1.640632587462134,,
1720,-717337,200.8234844705578,0.7526617381262202,,
1721,-718137,212.030518626341,0.8419713032197595,,
1722,-718640,217.04269113163494,0.8974725947040259,,
1723,-719457,219.2003556861584,1.178419451540072,,
1724,-719739,218.956944794401,1.2689508232038187,,
1725,-720555,216.09677010835378,2.0217988321927587,,
1726,-721044,212.108071771009,0.6856075897029287,,
1727,-721830,212.54540888381376,1.7706876507822464,,
1728,-722191,214.0125927948141,1.1858159008333498,,
1729,-723025,210.4806821716978,0.36931374767780506,,
1730,-723524,211.49197634968232,1.2784133640994195,,
1731,-724299,211.07599555762198,1.0738711427455858,,
1732,-724626,211.42656926315465,0.768221078155295,,
1733,-725948,210.06750978548357,1.6249985781001226,,
1734,-726643,210.24197486380825,0.833751855826365,,
1735,-727037,211.0778130948141,0.7849794388631725,,
1736,-727886,210.0149974521128,1.0076210785622728,,
1737,-728310,212.17164661528162,1.7206724434211438,,
1738,-728958,210.16351745201928,0.6944432439485729,,
1739,-729234,210.70237305797798,0.3431822743997105,,
1740,-729910,211.62321092369945,0.3588521139551704,,
1741,-730371,213.73187878271673,1.8854882984046404,,
1742,-731043,208.1143039021245,1.2435557905969836,,
1743,-731378,207.72075200492253,0.8135814333168072,,
1744,-732072,210.60174265873587,1.0330517800850967,,
1745,-732512,216.1485998526368,1.812891840158939,,
1746,-733184,214.6624205315424,0.7118362282959495,,
1747,-733459,217.88283774216444,0.8310894094275411,,
1748,-734157,217.1944729687879,1.3798894010140397,,
1749,-734572,213.14402038614645,1.6602737935191392,,
1750,-735319,206.92018121563933,1.5556306173987606,,
1751,-735710,204.51910387695122,1.494086940454806,,
1752,-736630,191.7441063146352,0.9268977898068326,,
1753,-737224,185.6096600660596,0.3341665308131939,,
1754,-738156,185.40236646163788,2.3842786702936385,,
1755,-738510,183.39253921478078,2.4034392529053266,,
1756,-739379,184.76708470912362,2.0713820159601886,,
1757,-739924,189.1426274551468,1.3085340532343355,,
1758,-740694,188.64664196412704,2.7074387385724004,,
1759,-741112,187.3271928405565,0.7156315365533596,,
1760,-742009,188.17959977716015,0.9098234696957471,,
1761,-742573,188.96881973948896,0.8979745666580884,,
1762,-743721,187.29232436787936,1.2426789240540344,,
1763,-744669,190.24154927677864,0.42115080359992735,,
1764,-745227,187.91988159174213,0.31799000349426576,,
1765,-745990,187.95228432826852,1.2727042394874546,,
1766,-746386,187.54375693792414,0.8433095140470652,,
1767,-747312,188.67887489361217,1.262406998466751,,
1768,-747864,190.17483689562673,1.7559892034321856,,
1769,-748756,192.07592238803636,1.5705611513082027,,
1770,-749086,191.29603626015793,1.3840358241033597,,
1771,-750023,193.54717137122026,1.8834206894219847,,
1772,-750615,197.49572596202373,1.299814586973093,,
1773,-751539,195.43388919380428,0.34071159513423005,,
1774,-751984,203.90279658442103,1.8398664573343373,,
1775,-753164,199.04605364141202,1.700036765249698,,
1776,-753636,203.2996954570858,1.5268927099251228,,
1777,-754616,208.10367110123954,1.9610864278415796,,
1778,-754900,209.44507971285617,1.3575417299054444,,
1779,-755835,213.61139014973043,2.1519463764930458,,
1780,-756412,218.3519526756556,2.335383460485207,,
1781,-757185,222.72008593220357,1.502447772361501,,
1782,-757611,226.94301148021165,1.4209634792271384,,
1783,-757928,223.02365546155636,0.6806059370189325,,
1784,-758158,225.37366760867587,1.7536142467968638,,
1785,-758566,225.61582539678184,2.3307986425963385,,
1786,-758989,222.7085788690187,1.2338040018088925,,
1787,-759914,216.64080861985224,0.7548597722786945,,
1788,-760216,214.6940079861074,1.1181730188208159,,
1789,-761151,213.99980285899034,1.8618855596923896,,
1790,-761820,219.9481576823577,0.2304823901300957,,
1791,-762726,223.89295015434178,2.0579804698215813,,
1792,-763231,222.92608638468548,0.9183284521864634,,
1793,-763636,233.66090567198847,3.049592400299363,,
1794,-763901,229.40748753827657,2.674206001409535,,
1795,-764238,232.11545547204435,1.3779113623738903,,
1796,-764858,230.6229188352788,0.8856951018895258,,
1797,-765797,224.86466602091244,1.5583463150223578,,
1798,-766167,223.81796491327836,0.5111583821535205,,
1799,-767111,221.64093650394082,0.4114942734991057,,
1800,-767701,225.86635666622993,0.9485926495573357,,
1801,-768649,230.62690342109488,2.1082870613468976,,
1802,-769070,229.56423626852964,1.803812260694781,,
1803,-769569,236.31890028889168,1.6377157101793518,,
1804,-769862,234.24054819146698,1.6134880301460466,,
1805,-770225,239.7120056138232,1.8702878916783852,,
1806,-770524,243.88525238228885,1.102025199411039,,
1807,-770787,246.49456803753532,2.1704365867511104,,
1808,-771045,243.85475201990903,2.0915352179234943,,
1809,-771299,246.03058180018394,2.4452714908191937,,
1810,-771734,237.7794476149145,1.513350883182352,,
1811,-772094,239.23120240300534,1.003750096848397,,
1812,-773008,238.38507756925242,2.258983127720132,,
1813,-773588,241.7410824819303,0.8747274112657089,,
1814,-774382,245.31805526765157,0.3600558657021887,,
1815,-774832,248.92347258064217,0.627472504962422,,
1816,-775731,247.30321033010094,2.010076076940313,,
1817,-776282,252.45553887568798,0.6673164127447155,,
1818,-777107,254.92704442683268,0.4849938599409939,,
1819,-777417,254.68956208931286,1.1298180188233868,,
1820,-778238,254.43210628699566,2.360097406907842,,
1821,-778769,252.52125685420285,0.9329457016592285,,
1822,-779612,257.21033919112165,0.6046787703325509,,
1823,-779936,251.50919000069746,0.7031595294752219,,
1824,-780778,257.43630369580933,0.6529222533852811,,
1825,-781248,255.01817636257545,1.058782846188347,,
1826,-782311,260.91815012089876,2.5124151989298675,,
1827,-783084,255.84554031289508,0.6588671140369755,,
1828,-783569,259.66462384723866,0.2405433853193871,,
1829,-784239,262.229808343788,2.567331214046642,,
1830,-784613,264.34502908314164,1.3826529041805364,,
1831,-785405,269.3559592885488,1.257992802419019,,
1832,-785853,265.99732874144445,0.7336300077526301,,
1833,-786529,257.19893666253785,1.524640201560276,,
1834,-786741,257.0184549055622,2.689934642042693,,
1835,-787544,238.64095357456617,0.7801470315666661,,
1836,-788003,235.48574308581584,2.9910098309067688,,
1837,-788689,227.37775029010015,0.844955417896738,,
1838,-789106,230.55013467896873,1.7660822340709659,,
1839,-790080,224.68576227610308,3.6724532091681543,,
1840,-790667,214.45035139887406,2.5334532825462515,,
1841,-791569,213.35775959891657,1.6000218758630544,,
1842,-791902,218.39264166858874,1.9268310175163927,,
1843,-793172,208.7893628439667,1.6721751137071554,,
1844,-793737,204.61750641580798,1.9876169747805548,,
1845,-794902,198.79240364499174,2.095588158849461,,
1846,-795428,197.90878630711256,1.41523773542334,,
1847,-796731,200.48945586551156,2.18898909922407,,
1848,-799286,198.68361088983107,1.7362042874796464,,
1849,-800922,198.6572141815183,0.9826471295306928,,
1850,-801759,202.64710592439062,1.0430494297396091,,
1851,-801975,202.92172318213744,2.064487911657036,,
1852,-802059,207.49864546768262,0.9150827154906018,,
1853,-802572,204.86193803431442,1.6428507646376431,,
1854,-803182,202.2268391289192,0.6895867287509932,,
1855,-803718,207.28544010704545,2.202808377356489,,
1856,1961,,,317.64,0.12
1857,1962,,,318.45,0.12
1858,1963,,,318.99,0.12
1859,1964,,,319.62,0.12
1860,1965,,,320.04,0.12
1861,1966,,,321.37,0.12
1862,1967,,,322.18,0.12
1863,1968,,,323.05,0.12
1864,1969,,,324.62,0.12
1865,1970,,,325.68,0.12
1866,1971,,,326.32,0.12
1867,1972,,,327.46,0.12
1868,1973,,,329.68,0.12
1869,1974,,,330.19,0.12
1870,1975,,,331.13,0.12
1871,1976,,,332.03,0.12
1872,1977,,,333.84,0.12
1873,1978,,,335.41,0.12
1874,1979,,,336.84,0.12
1875,1980,,,338.76,0.12
1876,1981,,,340.12,0.12
1877,1982,,,341.48,0.12
1878,1983,,,343.15,0.12
1879,1984,,,344.87,0.12
1880,1985,,,346.35,0.12
1881,1986,,,347.61,0.12
1882,1987,,,349.31,0.12
1883,1988,,,351.69,0.12
1884,1989,,,353.2,0.12
1885,1990,,,354.45,0.12
1886,1991,,,355.7,0.12
1887,1992,,,356.54,0.12
1888,1993,,,357.21,0.12
1889,1994,,,358.96,0.12
1890,1995,,,360.97,0.12
1891,1996,,,362.74,0.12
1892,1997,,,363.88,0.12
1893,1998,,,366.84,0.12
1894,1999,,,368.54,0.12
1895,2000,,,369.71,0.12
1896,2001,,,371.32,0.12
1897,2002,,,373.45,0.12
1898,2003,,,375.98,0.12
1899,2004,,,377.7,0.12
1900,2005,,,379.98,0.12
1901,2006,,,382.09,0.12
1902,2007,,,384.02,0.12
1903,2008,,,385.83,0.12
1904,2009,,,387.64,0.12
1905,2010,,,390.1,0.12
1906,2011,,,391.85,0.12
1907,2012,,,394.06,0.12
1908,2013,,,396.74,0.12
1909,2014,,,398.82,0.12
1910,2015,,,401.02,0.12
1911,2016,,,404.41,0.12
1912,2017,,,406.77,0.12
1913,2018,,,408.72,0.12
1914,2019,,,411.66,0.12
1915,2020,,,414.21,0.12
1916,2021,,,416.41,0.12
1917,2022,,,418.53,0.12
1918,2023,,,421.08,0.12
