year,co2,unc,sigma
2023,1921.88,0.62,
2022,1910.97,0.78,
2021,1895.11,0.55,
2020,1879.45,0.56,
2019,1866.84,0.6,
2018,1857.44,0.82,
2017,1849.52,0.64,
2016,1843.12,0.68,
2015,1834.28,0.55,
2014,1822.57,0.53,
2013,1813.42,0.66,
2012,1808.04,0.63,
2011,1803.14,0.63,
2010,1798.93,0.73,
2009,1793.53,0.69,
2008,1787.01,0.77,
2007,1781.37,0.63,
2006,1774.96,0.56,
2005,1774.16,0.64,
2004,1777.05,0.5,
2003,1777.33,0.5,
2002,1772.67,0.55,
2001,1771.16,0.59,
2000,1773.33,0.81,
1999,1772.35,0.64,
1998,1765.54,0.64,
1997,1754.52,0.42,
1996,1751.28,0.68,
1995,1748.88,0.48,
1994,1742.05,0.58,
1993,1736.49,0.46,
1992,1735.46,0.57,
1991,1724.84,0.72,
1990,1714.43,0.68,
1989,1704.53,0.55,
1988,1693.13,0.67,
1987,1682.71,0.49,
1986,1670.09,0.74,
1985,1657.29,0.59,
1984,1644.68,0.67,
2023,421.08,0.12,
2022,418.53,0.12,
2021,416.41,0.12,
2020,414.21,0.12,
2019,411.66,0.12,
2018,408.72,0.12,
2017,406.77,0.12,
2016,404.41,0.12,
2015,401.02,0.12,
2014,398.82,0.12,
2013,396.74,0.12,
2012,394.06,0.12,
2011,391.85,0.12,
2010,390.1,0.12,
2009,387.64,0.12,
2008,385.83,0.12,
2007,384.02,0.12,
2006,382.09,0.12,
2005,379.98,0.12,
2004,377.7,0.12,
2003,375.98,0.12,
2002,373.45,0.12,
2001,371.32,0.12,
2000,369.71,0.12,
1999,368.54,0.12,
1998,366.84,0.12,
1997,363.88,0.12,
1996,362.74,0.12,
1995,360.97,0.12,
1994,358.96,0.12,
1993,357.21,0.12,
1992,356.54,0.12,
1991,355.7,0.12,
1990,354.45,0.12,
1989,353.2,0.12,
1988,351.69,0.12,
1987,349.31,0.12,
1986,347.61,0.12,
1985,346.35,0.12,
1984,344.87,0.12,
1983,343.15,0.12,
1982,341.48,0.12,
1981,340.12,0.12,
1980,338.76,0.12,
1979,336.84,0.12,
1978,335.41,0.12,
1977,333.84,0.12,
1976,332.03,0.12,
1975,331.13,0.12,
1974,330.19,0.12,
1973,329.68,0.12,
1972,327.46,0.12,
1971,326.32,0.12,
1970,325.68,0.12,
1969,324.62,0.12,
1968,323.05,0.12,
1967,322.18,0.12,
1966,321.37,0.12,
1965,320.04,0.12,
1964,319.62,0.12,
1963,318.99,0.12,
1962,318.45,0.12,
1961,317.64,0.12,
1960,316.91,0.12,
1959,315.98,0.12,
1960,318.20658038167187,,1.72306399989313
1960,313.0933880516286,,1.8125207605745384
1959,311.98389241638387,,1.8125192068450535
1958,316.1014028920352,,1.7230606961916066
1958,316.3340200101121,,0.9414004868608352
1957,314.57216625352925,,0.4109025756600084
1957,315.2703546298443,,1.1616551462109328
1957,316.3253801823537,,0.1269429754774378
1957,314.4370577968855,,0.7862770621623857
1956,315.342073915026,,0.6354715422654317
1954,314.7139613439055,,2.214638063555554
1953,313.1710570119369,,0.634039485403577
1953,312.8003637775662,,0.6340379489030816
1953,312.22274083278216,,1.4243345489180328
1952,312.1844627182946,,0.4108872849421976
1950,313.6602846482332,,2.21463680836238
1950,312.0017776102837,,0.6354211479753883
1949,309.6939936066409,,0.4108714596531573
1948,311.57094999761165,,2.2146343319343007
1947,310.36290017732523,,0.634027909426397
1947,312.8663621464335,,2.214635865625694
1946,312.5596867804179,,2.2146355017928885
1946,311.9671347125998,,2.082558942026396
1946,311.8114965345337,,3.1236747780021643
1945,310.440204448011,,2.564594558034493
1945,311.2775834649954,,0.4108815077188695
1945,310.224309572614,,0.6340273214805324
1944,312.36164019507424,,2.214635267170318
1943,312.8437329659678,,2.5645970119051587
1943,311.878053578341,,2.768216484789498
1942,312.393938618938,,2.214635305646748
1941,311.80226771747726,,2.214634605293885
1941,307.7386635857962,,1.161638187528912
1940,309.80091502114107,,0.6353882419620955
1940,310.9510867188181,,0.6340303293204513
1940,311.21179432912515,,0.6340313851523534
1939,310.4566675193962,,2.1689332920301743
1939,308.47982780846024,,0.6353686009026864
1939,311.94102882822733,,1.3421143195864766
1938,311.52050972739016,,2.21463427376126
1938,312.3293254879136,,0.1345655909634221
1937,307.4076931745866,,1.1616374521489643
1936,307.25859856593024,,1.16163712048601
1936,306.3197983876916,,1.1616350386215593
1936,309.3446868650601,,2.8704087232296542
1934,309.6306260790445,,0.6340249031228801
1934,307.0755443187391,,2.5645910826371363
1933,305.94402817135216,,1.1616342071053372
1933,308.27919921307927,,2.214630463891003
1933,308.25556223436706,,0.6340192586104747
1931,305.7409186942765,,1.4519014261034418
1930,305.3808267142061,,0.0689463373624849
1929,305.78294147245686,,0.6353287640642507
1929,305.7053721667773,,0.9413710014212492
1929,305.66786848134046,,0.635327071998837
1928,308.01874186181465,,3.176223027041842
1926,304.96915678718324,,0.634005914314666
1925,304.7159146968185,,1.7230435237616446
1923,303.1815383191544,,0.941364147841331
1923,306.1986242999216,,3.817322318081138
1920,301.8758603769565,,1.1616252702369918
1919,304.61320734820134,,2.2146262044343445
1918,303.85222132002366,,0.6718501558877479
1916,301.9151507114715,,0.6339936400662507
1915,300.7000886560916,,2.449191474096512
1913,301.29772622272134,,0.6339911737445958
1912,299.25727749401767,,1.723035440531635
1912,297.7268153632511,,1.7230332142980245
1911,298.10624698316605,,2.564582196159249
1910,297.86910679162327,,1.1616165851507216
1909,301.5041354046444,,2.2146226319797626
1906,299.62686294971274,,0.6352391314877226
1906,297.32821856127947,,0.6339754377689106
1906,299.0235966178361,,0.6339821331252458
1904,295.9913578166476,,0.9413449338297226
1902,295.6106368299745,,1.3300603706657033
1901,294.2207216000332,,1.1616087777538209
1899,297.0473645165553,,2.214617574875448
1899,295.2814574829282,,0.6339674053652581
1894,293.80883068272027,,0.9413391927125404
1894,293.16654166689625,,1.7230266485152168
1894,295.3164626735822,,0.6351774496644673
1893,294.8594308441452,,1.7230290740754022
1893,295.17192926023625,,0.6339669770888089
1890,290.9175394046256,,1.161601792024331
1890,292.3423879392772,,0.6760499604329714
1888,294.34178746728605,,0.6339637362309404
1886,288.1157636999787,,2.012887925404246
1885,289.2265988139854,,0.6166072841793726
1884,289.7624132149648,,0.9413286609713852
1883,292.46393479402104,,0.9504624960170108
1880,287.7707291897673,,1.1615952103179417
1877,289.3281310647417,,0.633944356692999
1874,291.5581974658393,,2.21461144979234
1873,286.6550967370638,,1.3420669316299338
1871,286.32578146070443,,1.161592212107517
1870,287.9864944292303,,0.6339392271650133
1869,289.53614491302415,,1.7230214941989352
1868,287.9922513016967,,0.4127688331453147
1867,285.05229227816864,,1.6774740623622912
1865,286.654158160582,,1.1615928921518883
1863,285.3533187571561,,0.9413173514221532
1862,287.17456217295097,,0.6339361344349255
1859,286.6330756116753,,0.4107309168077066
1857,283.16210074754474,,1.1615857002636665
1855,285.56557722684016,,0.633930031404953
1854,288.05443747992655,,2.2146075998489194
1852,285.4658308627274,,0.6339296541845358
1851,288.7903954001126,,0.4127858726824119
1851,284.00163402345765,,1.161587421236867
1848,286.839237474432,,0.6350587311227852
1846,283.6198856894272,,1.3420615190225318
1845,283.1828720355646,,1.1615857427816372
1845,283.5311237194569,,1.1615864561027442
1844,281.58148260537183,,1.1615824752609392
1841,283.6545457229947,,0.6339228271586755
1837,284.151983964357,,0.9417990894248008
1834,283.82039231033946,,0.941796034128002
1833,285.0861666968484,,0.9504437017476038
1827,285.90893992625405,,0.6350459120608486
1825,281.3603652847592,,0.9417734784570432
1814,284.43128758236145,,0.9418016656981504
1800,282.7995518984052,,0.7883985371923559
1797,280.4044366600032,,1.722661879618002
1796,282.3047106620081,,0.6349966382720811
1795,281.6171179507893,,0.941775823437092
1781,273.07371696468044,,0.4124588939999544
1780,280.2362981843688,,0.6349686413914025
1774,277.8559524780317,,0.9417416851187796
1764,276.3961020284933,,0.941728558070766
1763,277.15568662096365,,0.6349273233549182
1753,278.00200109884094,,0.6349386291317073
1752,276.4573287163011,,0.9417291072385716
1750,277.6000738939942,,0.6349332555790217
1742,276.8090000432731,,0.9417322638755544
1734,278.3109424912346,,0.9417457905087732
1724,277.01330979867544,,0.9417340996183786
1723,278.27011023020174,,1.2670864271606788
1695,277.35805088594464,,0.6349300235886305
1690,276.3246167739362,,0.9417279170430886
1682,276.6596678045921,,0.6349207130491378
1650,278.0152295252318,,0.6349388061201005
1640,276.6872122505445,,0.9417311702431328
1629,273.7807623120456,,0.4124732162414122
1610,271.1090304670288,,0.4124192882382645
1604,275.066577843599,,0.6348995620033699
1591,279.3568610690018,,0.9508690595460032
1589,281.10892823134105,,0.9417711840929804
1574,282.5698274885973,,0.6350002415419935
1560,281.82904146165555,,0.9417777605892772
1550,283.5296825674026,,1.2671220558482
1530,283.94789036843633,,0.6350190252954523
1502,283.1247803916497,,0.6350077949310544
1470,280.3125047226672,,1.267100183364781
1450,282.22658040584827,,0.9508949540293504
1429,279.7256958832981,,0.4125950843173071
1411,279.6965499485699,,0.9417583341557852
1391,280.9115788303861,,0.6349777602732789
1349,278.3621212274177,,0.4125669035764293
1331,284.0676432722511,,0.6350206618825793
1308,281.5784089788515,,0.9417754697627618
1279,278.4312489162189,,0.4125683289579309
1260,282.199286054067,,0.941781148411328
1252,282.41311047504325,,0.6349981111551107
1211,283.68828915610504,,0.9417948179160088
1200,284.54004420226613,,0.635027124576181
1166,283.9659747066713,,1.4116055223569104
1147,284.510584449478,,1.267128774238816
1116,282.8416314024614,,0.941787036540014
1100,283.0944582572788,,0.6350073818401468
1071,282.8444160166049,,0.9417870620945464
1050,280.9667443357615,,0.6349785049296485
1041,280.9161701585891,,0.9417694265601158
1020,280.06452973881244,,0.634966325632589
1018,279.7987034131486,,1.3420371933367057
983,278.7402401551619,,1.4115736949859394
958,277.4071684030988,,0.4125472485974409
915,280.10552589040225,,2.213895624951041
876,279.42044060983585,,1.4115778043264595
823,278.62300321449914,,1.4115729877252574
794,279.72469920818,,2.2138941536319328
763,279.29371083930937,,2.2138924909272037
731,279.9902637416671,,0.4126005678192107
702,277.098940914164,,0.4125409188336744
670,278.45496800258206,,0.4125688181151233
637,279.58805021854124,,0.4125922334589306
615,277.86971612986054,,0.4125567605046653
583,276.19603745957005,,0.4125224167384222
558,278.4608975547629,,3.845059022998696
552,276.5590465243607,,0.4125298482800052
518,276.789519068584,,0.9417320889076648
489,277.1056915049757,,0.4125410573895645
437,279.9999146746923,,0.4126007679435665
407,279.12520908544417,,0.4125826574381653
385,277.24691789826335,,0.4125439568248663
358,277.79537780888165,,0.412555230745294
318,281.692138914424,,0.4126359634969955
296,280.9089598541969,,0.4126196486383923
275,280.2444922059889,,2.563635366217848
267,278.31439989271746,,0.616453810085954
241,280.2490871903012,,0.6164805927337029
175,277.55589209790946,,0.412550305271284
154,278.0719954240161,,0.4125609251205449
136,278.1,,1.0
104,277.5,,1.0
56,277.4,,1.0
30,277.9,,1.0
1,276.7,,1.0
-49,278.0,,1.2
-143,276.9,,0.7
-284,276.7,,0.8
-315,276.7,,0.8
-464,277.6,,1.3
-576,277.9,,0.5
-678,273.9,,1.1
-758,278.9,,0.6
-851,275.3,,1.6
-954,274.7,,1.2
-998,276.3,,0.9
-1106,274.6,,0.8
-1305,276.3,,1.5
-1333,273.1,,1.1
-1481,274.0,,0.3
-1578,275.0,,0.6
-1694,273.4,,1.3
-1743,273.0,,0.8
-1856,271.5,,1.0
-1906,275.4,,0.5
-2018,274.9,,1.3
-2158,271.7,,1.0
-2255,271.6,,0.7
-2325,272.8,,0.8
-2392,271.5,,0.9
-2544,271.1,,0.8
-2642,269.1,,0.6
-2697,269.8,,1.0
-2823,271.5,,0.8
-2971,270.7,,0.5
-3031,269.3,,1.0
-3136,268.6,,1.1
-3268,269.8,,1.2
-3361,267.6,,0.6
-3407,265.3,,1.7
-3583,265.2,,0.8
-3631,267.6,,2.0
-3807,265.9,,0.9
-3902,265.5,,0.8
-3984,260.7,,1.6
-4049,266.7,,0.9
-4139,265.5,,0.8
-4351,263.2,,0.6
-4387,262.7,,0.9
-4451,261.2,,0.7
-4622,261.1,,0.4
-4732,259.4,,0.6
-4819,262.1,,0.9
-4930,262.9,,0.5
-5020,258.1,,1.4
-5088,257.6,,0.9
-5238,262.3,,0.9
-5324,263.0,,0.7
-5455,260.7,,0.6
-5547,258.4,,0.8
-5711,260.1,,0.6
-5769,260.4,,0.4
-5910,259.7,,0.9
-5976,259.2,,0.7
-6025,260.8,,1.4
-6166,259.6,,0.5
-6244,259.3,,0.9
-6401,258.3,,1.2
-6509,261.3,,0.9
-6596,260.7,,0.4
-6760,261.8,,1.0
-6831,259.0,,1.1
-6961,260.9,,0.7
-7042,260.4,,0.6
-7110,259.3,,1.0
-7193,262.0,,0.8
-7345,263.7,,1.2
-7411,263.8,,0.8
-7486,265.2,,0.9
-7568,260.6,,1.7
-7574,260.9,,0.6
-7605,263.0,,0.4
-7623,263.8,,1.2
-7951,264.4,,0.4
-8042,264.2,,0.9
-8184,264.0,,0.3
-8242,263.4,,0.1
-8349,265.7,,0.5
-8416,264.9,,0.4
-8555,267.5,,0.4
-8730,266.9,,0.6
-8851,266.0,,1.1
-8885,265.1,,1.6
-9004,267.6,,0.7
-9139,264.8,,0.6
-9211,264.8,,0.4
-9235,265.0,,0.8
-9250,265.3,,0.4
-9306,264.4,,1.5
-9366,264.1,,0.7
-9389,264.8062514925239,,1.6656998706343706
-9433,264.8396344162771,,1.290916678425955
-9449,268.1638827775123,,2.5459070312438925
-9467,264.4831386910426,,2.038774675962592
-9485,270.14345909208504,,2.1099587251623038
-9503,268.86948241809176,,0.6954811452089371
-9522,269.09658248435426,,2.5208974243791173
-9540,267.1659882944808,,0.8515189257138913
-9557,267.66344435702626,,1.1530963256955429
-9573,269.5087267559184,,0.8505691950166642
-9593,266.8975316078414,,0.6582745058901435
-9609,262.7402713424808,,1.420923135639131
-9626,267.0926460402798,,0.4985722841097915
-9642,260.7019637596007,,0.2864912781659243
-9661,261.3035570908851,,1.5221230058969524
-9678,266.2202091929294,,2.412823479042468
-9697,257.13429330946656,,1.3404357790494443
-9714,247.5528586529488,,0.3435083847400987
-9732,254.6155973344712,,0.884033354158537
-9751,253.99089690085395,,1.4599509194956937
-9769,256.0430608603061,,1.2558245486807351
-9790,255.89086904448925,,1.3999473114283951
-9809,258.7419682040664,,1.482300165746408
-9830,258.24947010276907,,0.3324404231211333
-9852,258.53058047537485,,1.781228819116829
-9870,257.16871076552565,,1.4848144359415976
-9893,254.31017470730887,,1.3448357106506248
-9913,253.6295799831633,,1.5930774046070213
-9933,251.56174454316204,,0.5813810050137204
-9954,255.8965753132392,,1.1569847106772602
-9976,258.57498699245264,,5.263207753720935
-9998,248.91570205793047,,2.0423481441827143
-10019,253.9931437879996,,1.299308075453149
-10040,255.3912977602452,,1.3864577081067966
-10065,247.85064164274337,,1.452015497417635
-10087,248.4071332197136,,0.3529837130095197
-10108,253.0980369479649,,0.6956406819534284
-10129,251.03138662276533,,2.5685204930827545
-10155,255.6570401748525,,1.9876851919274323
-10174,253.01913649818056,,0.8701877668305773
-10196,251.13879991205624,,1.412474153146747
-10218,251.42428040746907,,0.8549339323768892
-10240,250.96816256782247,,0.7318602806397894
-10261,249.6533400802813,,1.227277836571378
-10282,249.2318205544177,,1.6042965419405086
-10306,248.95174624217293,,1.4827762724022882
-10330,249.37721064234103,,1.3322521569434795
-10351,248.9240190698803,,0.2940953344047306
-10371,250.7315436936512,,1.3729762132867072
-10393,246.9665079337188,,0.7624581789404119
-10415,244.30941964788175,,1.1644445095978526
-10438,243.00399847303908,,1.207676580766401
-10459,246.4034368607132,,1.4510225043370562
-10481,247.67023851530325,,0.8244290241025993
-10504,245.828192028346,,0.5557230717885496
-10525,246.1791753476704,,0.7866964776282669
-10545,244.42282246806465,,1.1797272460582895
-10571,246.7361603977909,,1.2895316864650217
-10593,249.9226267174943,,1.7213319336477375
-10614,244.27496932125192,,1.2142870688424796
-10636,247.01866418752644,,0.2718651933668129
-10657,248.09151906637945,,1.176204353865209
-10679,246.94327763185444,,0.4525936115548393
-10703,243.94829999483665,,1.6819891525674522
-10723,242.52904430354567,,0.9550091381591798
-10747,244.24252191664183,,0.9593977007528568
-10769,241.5919394471499,,1.072175936925353
-10789,247.29878007926465,,0.4125142739378774
-10812,240.0194403921716,,1.1185804377555943
-10835,241.4960201489729,,2.0892692093580534
-10859,242.23335017876877,,1.9472923880165072
-10880,242.14661205332536,,1.3353903526336806
-10902,239.34501708789696,,1.292546675440167
-10923,241.2383063619222,,1.2981515105668255
-10943,239.43542944264075,,0.7882017929475992
-10967,238.7942418996904,,1.1224172467227629
-10989,238.17670710529904,,2.8238892225625056
-11009,240.7072616624785,,0.9467987697225267
-11030,237.14801820813656,,0.807610266534135
-11051,239.41877622767905,,2.092655675831412
-11071,234.67711437690164,,0.1914577309412327
-11093,238.86480110696388,,1.9379105503363825
-11116,237.9090254487845,,2.2357790640357043
-11138,241.5552999030114,,1.1589696936117737
-11178,234.8172845805215,,0.1100676311289004
-11222,236.9100647065016,,0.9623041858085902
-11266,239.4098936541896,,0.6936344335760807
-11316,240.4197733780046,,0.1462444425450011
-11354,236.8602209016533,,0.3427710519898511
-11468,237.82629259075324,,1.8701703755605317
-11536,240.25427358439865,,1.4095543785119695
-11581,235.8255291423037,,0.3958262052733707
-11650,243.85979844717,,0.1246485941870824
-11695,238.54747522687632,,0.4589387223881855
-11762,241.59139134507328,,1.232457312518845
-11808,241.11490412197253,,2.2202425085619373
-11877,239.08435072354877,,0.1000747031042747
-11921,237.9515851667121,,0.853522729781004
-11990,240.5703386445421,,0.5716538469801956
-12051,235.91958262522573,,1.0386939571796363
-12072,237.8687866200197,,1.085182218857085
-12110,241.26916500368532,,1.1731028607568064
-12134,232.88000615516705,,1.5244854427350565
-12170,236.39805979670948,,0.1335912368682948
-12206,239.23818680138612,,0.4192210920968253
-12229,239.36064776017065,,0.8117258297207374
-12255,238.3613364190683,,1.8905012806153203
-12287,236.59503531115416,,1.187944479381528
-12323,240.21229536304708,,1.333690692180971
-12348,239.03677680876376,,0.2153120259848627
-12358,235.8013722168602,,1.0996246937402585
-12393,242.07891889663432,,1.0942604116875656
-12404,238.39005888170095,,0.4909048767560898
-12424,240.3252352260465,,1.0466464124405748
-12460,242.5463915992586,,1.4233246603570189
-12472,242.6046029893104,,1.7556664246639746
-12493,240.9489026098227,,0.3454352294996154
-12513,238.61345734214723,,0.7652096648345446
-12547,242.05538663336657,,2.2467485024161653
-12570,241.1441164192452,,1.2655358550826663
-12581,243.17377294839463,,0.8112650514640422
-12591,235.8323421305916,,0.5643746168651799
-12602,241.729807649943,,0.4199457331951958
-12613,239.85999766133676,,1.4558688378127933
-12625,239.76503812675872,,1.7380011297995386
-12636,237.9659544143376,,1.137419276772159
-12645,235.30951417343596,,0.6136067550158362
-12656,237.58632963935628,,0.8517421853611764
-12669,237.970723841254,,0.7613632280058652
-12679,240.102021264826,,1.115425087948056
-12695,238.11592408247537,,0.5982874200896254
-12702,234.62208303328032,,0.3923638577013497
-12714,233.41678590018037,,0.2854185745483987
-12725,234.33541847308945,,1.0422984517358862
-12736,237.4924390193572,,0.2935424748877703
-12746,228.9069484734525,,0.4359536559765474
-12756,228.1794674192821,,0.7707868729967455
-12768,230.5296191365043,,1.0957759406440268
-12780,234.53668908061692,,1.2309773820367913
-12793,231.47501430697423,,1.1049347180389382
-12808,227.9025821178081,,0.74817334555484
-12813,224.64412988292017,,0.7824148574908405
-12826,227.3927296719852,,1.115766298891188
-12837,227.78536212593403,,0.2307607047581208
-12849,228.50250206425628,,1.0241105505628754
-12860,227.5760816830967,,0.4324443811369315
-12872,226.50690563613685,,0.6990972947328529
-12884,228.4041873231957,,0.0110291329282242
-12894,227.87363187172843,,0.4104262711964586
-12907,233.1674385645637,,1.4724014735922233
-12919,232.22123314488175,,0.585239377410893
-12930,227.85150672131329,,1.1093788571105547
-12942,230.6301423785333,,1.2447439252123165
-12954,228.71528957073207,,0.5395654126703556
-12965,228.3587950722309,,0.5325917883752289
-12979,228.46979297537328,,0.3350768817452795
-13003,228.890295544307,,1.226772803877645
-13026,229.78672581367329,,2.0894914892990077
-13037,227.65098593922204,,1.2191716092428555
-13061,228.3650655244248,,1.018065793815664
-13084,225.38083520649624,,0.8388666319299413
-13122,228.9948074515769,,0.2411723892784443
-13145,234.47446894840783,,0.0233359951423495
-13183,229.6716065699829,,0.6306009719621629
-13206,228.8057322422929,,0.892789496928765
-13231,227.84358475209112,,1.037400495015162
-13268,230.18339813242304,,0.3284627174706834
-13293,228.26585961041695,,1.2143647518603298
-13330,225.77162913978188,,0.9195516847257944
-13370,227.64306095288396,,1.4176123107845846
-13395,228.9165200283857,,0.9571559874779072
-13432,225.38795165189697,,1.571230379506173
-13460,224.74311624898783,,0.7531820269617046
-13512,223.2710402890986,,1.3773982635521775
-13596,223.5305343345643,,0.3466603422308149
-13699,222.75834505097237,,1.3704689967578514
-13754,222.1576434042996,,0.5663781946920314
-13817,224.8571801594681,,1.8704061395520677
-13894,222.36468715588023,,0.4366582225045342
-13970,223.5107392974745,,0.6480784761033369
-13986,223.7681909549173,,0.6393346693740717
-14045,223.7224506956352,,2.06239685526959
-14048,224.4079901815647,,0.1776103007038581
-14064,222.39327867419095,,0.8930941956766976
-14083,224.4802221411913,,1.4333403503178488
-14133,224.242360124708,,0.8203411414003624
-14164,222.4115117516632,,1.3094348918523633
-14201,224.8625784974834,,1.0247434087216374
-14216,226.1908800011438,,0.0716974625952148
-14237,221.48984625503215,,1.1769051062662972
-14258,227.3244742360862,,1.212502893063355
-14272,223.2363153157684,,0.5538872168341893
-14290,220.48517092637948,,1.0594512637382951
-14310,218.56382460975144,,0.966786897208744
-14328,214.2212288682848,,0.5945526313029851
-14346,212.84367513227136,,0.745912624557757
-14367,214.5978424508933,,0.5964888338406239
-14387,212.4297076897044,,1.1881058980916346
-14404,214.8309479320241,,1.2030660182080497
-14424,211.2133503062316,,0.4998022380031932
-14441,209.50810411665643,,0.8157282831605934
-14460,212.94888538923,,0.9405088128858664
-14481,211.7934498012063,,1.807132802023743
-14508,217.18722610003744,,0.2790567632566083
-14522,213.9380167825644,,1.113412954793218
-14559,207.9470733853761,,0.1229786763499027
-14603,208.65010901966775,,0.5212325806217732
-14640,208.4614276166706,,0.8394990019249473
-14705,213.15469236971649,,0.8085332659341804
-14783,210.24939480334604,,1.101934659645912
-14847,205.5254887694144,,0.9617411013425472
-14919,205.18509194320177,,0.961741101338764
-14978,202.9290476816134,,0.6750299739442969
-15044,204.3247383426767,,1.0886961808547952
-15141,202.1012164231453,,1.0521531700623763
-15213,198.631089252931,,1.3007075917823727
-15286,198.29417538469403,,0.7766600772342452
-15337,195.87573909141443,,0.4971330239233743
-15361,194.651413175494,,0.2660479794116596
-15410,190.50284337603904,,0.909033112140748
-15435,193.02021337722056,,0.3938085890898871
-15460,191.8856673685563,,0.2694578865526365
-15484,190.75739808941375,,0.4652994158041325
-15510,193.00049226913703,,0.4611048613792651
-15535,191.4761142959414,,0.5012961161068531
-15560,191.5857343990861,,0.0542380374536482
-15584,192.37047527166976,,0.6055699337887396
-15611,192.6236483930915,,0.2986373335841488
-15636,196.9632882286796,,0.8635092288984562
-15662,195.79039289658348,,0.2391586375813789
-15687,193.21020619774924,,1.2286838327921574
-15715,194.3760035369042,,0.5550286988169382
-15741,191.5189594499656,,1.3346281819664174
-15767,189.5231390515472,,0.5643022523211347
-15793,190.411456374954,,0.239656168513672
-15819,191.7049630706334,,0.3308067986893602
-15847,187.25256339861124,,0.6621632763188716
-15875,191.20739896471937,,1.2382021197722488
-15904,189.51763426245728,,0.7190495298839523
-15930,190.2606131810841,,1.1923060852551808
-15957,191.7237910053392,,0.2614694074127526
-15985,188.54215704394005,,0.9821428247799516
-16015,188.6564989836098,,0.1048647815606699
-16042,188.9556833468375,,0.64306592821333
-16074,187.78531136917945,,1.0961213128518206
-16100,187.7267726989902,,0.4985092999193974
-16131,188.64072093684447,,0.4703207056745532
-16160,188.59044595252615,,1.480500952833287
-16189,184.87510819689115,,0.2282884933132277
-16223,189.0114574096496,,1.126510504571672
-16251,185.64837724764448,,0.952822393234912
-16282,188.87750852438725,,0.4724033625177601
-16314,188.52153443206024,,1.1571075398909414
-16345,189.03208526365853,,0.1926020989846884
-16374,187.1210722823276,,0.8372036055175979
-16410,188.73157502184156,,0.1824327443683655
-16441,188.2127161368506,,1.1573613101510056
-16472,188.46984987600771,,0.748352699525746
-16507,187.44688100668245,,1.0657551240083385
-16536,187.0879474951784,,0.7036592363884459
-16569,187.6657005045612,,0.1414082867377205
-16632,188.57060817148655,,0.6179556385846688
-16727,193.90294365325792,,0.5018461940485749
-16797,191.2709926696737,,1.0138678790995133
-16853,192.9746062473733,,1.0994077802463795
-16885,188.43646889385016,,0.822752675659307
-16916,188.49917580509657,,0.5266764309515646
-17043,192.7099140092297,,1.7470090692053926
-17202,191.0855048576497,,1.121009894025455
-17332,191.584282023408,,0.8431811380039504
-17492,191.51661846127155,,1.3004106764959464
-17618,188.95303905155183,,0.245510014706893
-17679,191.41876528996983,,0.586308975486151
-17841,193.60063929670704,,0.5303197486983406
-17933,196.05515178135056,,0.4220959629087149
-18068,193.72302093582547,,0.7503628445232208
-18263,190.47301770392272,,1.2132922929495944
-18457,189.9902249511881,,0.65425815677705
-18586,193.92595404672443,,0.6926066273540084
-18716,187.76130879373025,,0.929976017927426
-18878,192.65750201107116,,1.0946641302511946
-19014,190.87078412905063,,0.817552208158084
-19117,188.40117180397905,,0.8671811282576847
-19262,190.05178294941015,,0.0684486554389842
-19395,187.24278170075527,,1.161275436474382
-19612,185.22605259203291,,0.3063097987544152
-19840,187.9571766507431,,0.2187480284144861
-19963,190.7825043804128,,0.9521422657387056
-20105,187.38113959770783,,1.5500556335948474
-20280,191.2705275530216,,0.9882063740189296
-20342,187.2242115241,,0.4499999999993532
-20397,187.0216472475,,1.25
-20600,184.67921815,,0.1999999999999886
-20654,185.207494535,,1.6249999999999998
-20700,188.4866056205,,0.2299999999999897
-20799,190.0135889095,,0.2549999999999954
-20883,186.13368892427505,,0.125
-21044,189.397339585125,,1.125
-21063,190.53007546182505,,0.6449999999932948
-21157,190.08050149462505,,0.8249999999961194
-21235,188.6041093398,,0.869999999995999
-21326,197.67188495835,,1.2850000000033883
-21408,193.532820435975,,1.715000000000672
-21495,186.77935625475,,0.4649999999962196
-21650,187.985359152,,0.4059556626050127
-21923,183.12944747075,,0.0349999999999965
-22127,184.6823772,,0.6200000000021311
-22319,186.726894870075,,0.924999999998112
-22693,180.565516782075,,2.724999999999305
-23213,180.69369987575,,0.7849999999986874
-23401,182.66041686875,,0.0750000000000028
-23593,183.378918299,,0.6199999999962634
-23836,186.541161542,,0.579999999993848
-24066,184.51815170625,,0.4050000000067836
-24304,184.5716823558,,0.5150000000027465
-24365,183.7673068405,,0.529999999998045
-24510,186.0128248,,0.8100000000000934
-24587,185.5131813934,,0.5250000000019401
-24753,185.43660435787496,,0.3349999999957082
-24907,186.43114764435,,0.2249999999999943
-25004,188.0846282088,,0.8000000000041836
-25092,187.3935686286,,0.2100000000000079
-25134,186.271358966325,,0.0649999999999977
-25220,194.928153007,,0.4792123166703289
-25330,190.0614572262,,0.4700000000080128
-25491,191.953133708875,,0.8401128396427262
-25552,191.23379793375,,1.9150000000012248
-25599,191.5337587855875,,1.9441552364287011
-25636,191.95350057715,,0.379999999996584
-25711,191.46001174245,,0.6850000000005353
-25737,192.712370759625,,0.0750000000000028
-25764,190.6078690615,,1.6350000000018083
-25768,189.304523923175,,0.3150000000085556
-25870,187.586392521325,,0.8650000000017362
-25916,190.5849616488,,0.4900000000027678
-25935,189.27849064935,,0.115000000000009
-25977,188.98634898427505,,0.3949999999864722
-26023,189.286787345625,,0.3149999999970064
-26147,189.95757968037495,,0.6350000000014483
-26264,191.816137593,,0.2800000000000011
-26321,191.5941937651,,0.3200000000053114
-26419,192.63389865615,,1.66500000000237
-26463,189.156744422,,0.240000000000009
-26476,189.6458701976,,0.5600000000011746
-26627,193.1001041801,,0.0549999999999926
-26676,192.8154242622,,0.1550000000000011
-26774,193.80250764615,,0.2000000000000028
-26891,193.8897968002,,0.3400000000068137
-26952,192.68758991725,,0.5350000000032421
-26998,193.2594032754,,0.7299999999938761
-27058,192.8724796734,,0.4900000000027678
-27200,192.26433856792505,,0.1650000000000062
-27255,188.0966829643,,0.0349999999999965
-27299,192.39141674277,,0.9709449005998888
-27373,191.0119519104,,0.8900000000033877
-27416,189.82870639425,,0.3049999999999926
-27460,189.2132558424,,0.6607823645732186
-27659,189.24251845,,0.039999999999992
-27731,189.77280474485,,0.2450000000000045
-27792,191.28441196185,,0.2650000000000005
-27887,190.9669244527,,0.1599999999999966
-28002,191.375496743275,,1.2250000000032073
-28049,191.5673410079,,0.2249999999999943
-28151,188.2467783878,,0.5899999999962806
-28231,188.475316491,,0.6199999999962634
-28327,186.5173876995,,0.0799999999999983
-28362,185.9886464213,,0.600000000000485
-28450,184.2981804458,,0.3000000000000113
-28578,182.936081584225,,0.4349999999938179
-28762,187.1432812245,,0.2000000000000028
-28825,190.3322228457,,0.7299999999988598
-29155,187.999563507075,,0.0550000000000068
-29406,188.4753253155,,0.7800000000029627
-29574,189.946864958,,0.35999999998008
-29842,193.71283854975,,1.2250000000002377
-29868,192.9276430365,,1.125
-29983,192.507154839675,,0.1050000000000039
-30076,193.3257604058,,0.4300000000002301
-30129,193.90502757875,,1.1200000000023491
-30197,196.4166558834,,0.4900000000027678
-30200,196.9080549903,,1.3050000000009678
-30357,192.46518778166669,,1.936098597121701
-30411,195.247244775875,,0.2750000000000056
-30484,194.110429478875,,0.5250000000019401
-30561,194.606829741,,0.3700000000067174
-30644,194.4295742917,,0.4100000000031659
-30727,195.08012700165003,,0.2850000000000108
-30764,195.93861278715,,0.2600000000000051
-30863,199.302319209275,,2.5549999999999247
-30930,196.70181603277496,,0.804999999996869
-31059,196.32609642975,,0.4599999999867514
-31198,197.646004846875,,0.2150000000000033
-31467,196.89622890765,,0.5400000000038051
-31541,197.12526326695,,0.4100000000031659
-31605,197.79975641045,,0.2749999999999914
-31808,200.03106638475,,0.6850000000005353
-31891,195.627148340675,,0.744999999996109
-31935,195.2662323655,,0.4537375648746408
-31957,194.46060405395,,0.6649999999936803
-31975,194.47027317217496,,0.0349999999999965
-32007,196.47191999325,,0.4450000000057815
-32041,195.41091567172495,,0.3250000000058207
-32114,195.93175875275,,1.0150000000011066
-32240,194.8874767012333,,0.6165044831788826
-32300,195.7913334535,,0.7600000000027418
-32362,196.266613322,,0.2399999999999948
-32384,196.201852015,,0.324999999994627
-32606,199.6474818549,,0.7399999999986863
-32652,199.48892964,,0.6400000000049385
-32670,200.2924224414,,0.4300000000086905
-32697,198.89171239745,,0.979999999998111
-32760,197.16130487225,,1.195000000000448
-32875,202.795646976,,0.0300000000000011
-32916,203.0917776366,,0.4800000000079671
-33139,198.7828307793,,0.5749999999956976
-33215,203.60050857025,,0.3599999999901855
-33331,205.3761847385,,0.0999999999999943
-33387,204.46706210535,,1.2200000000008204
-33409,203.6185257355,,0.8700000000001806
-33433,201.35769286432503,,0.2550000000000096
-33495,200.29875552115,,0.804999999996869
-33547,201.06305549865,,1.0050000000016042
-33558,202.041266727,,0.8999999999946643
-33580,201.88660042935,,0.6500000000004478
-33617,201.8276293501,,0.9899999999966662
-33722,201.81310262977505,,0.2449999999999903
-33751,200.5019756069,,0.6299999999997875
-33904,203.2886587452,,1.0699999999962844
-33998,198.799944457875,,0.3650000000069052
-34136,204.123014498,,1.320000000001067
-34223,201.7797825328,,0.2300000000000039
-34311,200.09164615275,,0.6250000000058207
-34556,198.9617645275,,0.949999999998162
-34641,205.10239260525,,1.1350000000017078
-34719,203.76951759,,0.1599999999999966
-34762,203.7543230524,,0.0099999999999909
-34870,202.76033458287495,,1.1550000000016227
-34989,203.514345808,,0.2300000000000039
-35073,206.3568576216,,1.125
-35168,210.157174784,,0.8920951873796128
-35193,207.34584681975,,0.1599999999999966
-35346,208.25190909,,0.9500000000058209
-35352,209.65639176,,0.5861740355881742
-35388,206.586570978,,0.1200000000000045
-35481,212.5055286975,,1.469999999998404
-35511,209.8366778265,,0.5349999999964422
-35668,214.2958990008333,,0.398427464471128
-35697,212.135905967,,0.7150000000014083
-35827,212.09241359079,,1.6164170253985015
-35945,214.2064208262,,1.0899999999963843
-36050,211.213425214,,0.6800000000029275
-36138,214.3603925775,,1.4849999999992864
-36215,208.335059710425,,0.5850000000064973
-36242,206.5229252229,,0.4500000000074376
-36334,207.411157001,,0.1700000000000016
-36409,207.99977968,,0.6700000000022761
-36462,210.7947524055,,0.6400000000049385
-36522,207.2301825856,,0.039999999999992
-36583,210.07869060075,,0.4045711034847457
-36623,208.23327262075,,1.98499999999778
-36671,204.7919056404,,0.45999999999466
-36720,204.455553872625,,0.7428702780432987
-36773,206.543994036,,0.305341339050326
-36862,206.085787558,,0.2564067948484305
-36924,205.650989878,,0.019999999999996
-37005,205.98808959113333,,1.3127621431337817
-37026,202.3448524395,,1.4150000000013492
-37103,204.2829889158,,0.6750000000071142
-37170,207.323585223,,0.2000000000000028
-37315,208.685091262475,,1.6950000000023764
-37353,209.495641888,,0.4700000000002724
-37369,209.326456305,,0.4849999999891146
-37389,207.868080375675,,0.7850000000033219
-37429,204.77737582488,,1.0611145084291942
-37452,191.53156337775,,0.9049999999983728
-37504,198.138503631,,1.0315279928331738
-37565,200.402973875925,,1.3649999999976887
-37671,195.70159247466665,,2.0779837984622525
-37759,196.6742707386,,1.0599999999995222
-37807,193.581354240625,,1.1550000000016227
-37934,193.873098888,,0.2003330560175495
-37950,197.55250733926664,,0.6702569988090663
-38092,192.5956555545,,2.213300702571336
-38162,193.08131430805,,0.444999999989431
-38195,193.690311850125,,0.4150000000024965
-38358,197.90454896091208,,1.3930725903897043
-38535,201.32268604261677,,1.3724813828002622
-38603,201.48445246633037,,1.0892403637428787
-38804,200.46615960740988,,0.7441562013443747
-38957,200.96619797440223,,1.9203545824214685
-39217,201.5320304267976,,1.8798664059500017
-39353,204.18539759772148,,1.544991580352578
-39655,205.4900663672548,,0.9872666419557048
-39809,201.12434903906265,,1.0021199469320117
-39950,199.89056576724948,,1.3635850489019288
-40365,200.8960917386434,,1.2433347740954794
-40678,204.82674347655345,,0.1915457102241664
-40899,206.35415471090323,,1.0698409764578276
-41018,204.26047843855287,,0.7594749648436543
-41221,203.1620719019197,,1.4258914397439997
-41400,201.66462398159248,,1.8134385343562365
-41565,204.2219503591491,,0.8616038364003018
-41711,203.18091908152516,,1.0517697107880737
-41859,201.68967291161368,,1.1313123305171475
-42145,204.30591912829976,,0.9218977869079986
-42254,201.99679013111552,,0.5218111243675314
-42400,206.22156348649372,,1.8592963740185475
-42540,204.82615482707928,,1.3221096734802074
-42705,212.28537276723185,,0.8466068668648008
-42866,210.4383494018988,,0.561588532800335
-43046,211.4870756888481,,0.3493301859454368
-43192,207.9533487146811,,0.7073278472540326
-43330,213.9182293789752,,0.8169262165638407
-43510,214.5013713408328,,0.8088297806862884
-43746,217.51186974587569,,2.157603814409564
-43927,222.71746789063323,,0.3286856627123699
-44107,221.7721744693644,,1.7364902686179846
-44231,219.24687294689664,,1.1946939040952502
-44358,218.34888238109227,,1.4496019365237585
-44685,216.41663219437743,,1.436574184581793
-44796,214.1828461994789,,0.9871078824358178
-44937,210.83763232817876,,1.5006610348474876
-45136,210.2720270577908,,0.5322358946823342
-45364,207.5966069009341,,1.2005871906427468
-45574,204.2599351400208,,0.9756946684398324
-45760,203.7878948817506,,0.3866234346912695
-45993,205.65965094423697,,0.9718978970553032
-46273,206.18208295015896,,2.047217959921956
-46477,200.97514386943084,,0.5644855670985924
-47037,201.57862918592315,,0.8803304688920406
-47352,200.12004323663527,,0.4030256278081099
-47512,204.0580378539165,,1.2210021850397488
-47778,203.8713291389937,,1.259233519834919
-48056,204.37676012041777,,1.6493255086518053
-48270,206.744026938688,,0.4755074572432232
-48577,207.40999031146947,,0.4590722921753041
-49079,207.63643592103045,,0.9100466307214294
-49481,211.57084710504336,,0.392047133733274
-49829,215.07712976760632,,1.772271181941183
-50136,213.81781717736385,,0.7325164623315384
-50434,219.08254103386616,,0.2751713515158044
-50623,220.7236106732058,,0.3561663133683005
-50850,221.1479059817251,,1.0917934144826629
-51158,223.71721395019227,,1.6788952874417788
-51450,223.261990272584,,0.8871385661997827
-51856,221.13790909272413,,1.4904032668909086
-52206,220.3743647767866,,0.8511190264639169
-52437,217.95673832028172,,1.837334957726648
-52744,213.88701388029443,,1.1375358885809406
-53064,216.8579026931373,,0.6129710484895246
-53343,208.19350573591464,,0.7156257494959056
-53603,214.7766439566713,,0.5454852994420472
-53959,210.2748744860088,,1.2344137510179
-54287,207.67411308560085,,0.8119068846984854
-54553,212.4366913146648,,0.6749285964465614
-55260,215.69652704379405,,0.6265091105747927
-55526,217.3763243825505,,2.487305255395337
-55893,223.71829246142204,,0.490766644067691
-56267,224.3533976707648,,0.8005830542803068
-56483,223.14855036746204,,1.2246646335694424
-57155,231.2935761342168,,0.1473166956652252
-57430,226.3532918442512,,1.37189238114501
-57783,223.45481611599996,,0.6960136714703895
-58159,216.6606807562948,,0.8375778350612826
-58423,212.87091028761077,,0.709019391700449
-58566,217.25313232793505,,0.6007977348797495
-58867,213.77895408048403,,1.3839432095256932
-59110,207.954258455404,,1.2594333599101175
-59284,210.56770709704924,,1.010183663305018
-59604,210.90340290966515,,0.7008887042887728
-59950,206.3768851547348,,1.1971417450755473
-60602,202.5567478249938,,0.945068176947245
-60824,202.7086782342372,,2.335114615637047
-61010,200.14813320360096,,0.6469126275966279
-61605,197.40343593339367,,1.220084715487215
-61946,197.242366435254,,0.7811382073070093
-62163,199.7280299125443,,1.3110146840822283
-62707,203.6954666984904,,0.5062972981758816
-62917,201.6702793802828,,1.1874563560641034
-63096,199.17080568979725,,0.6587740542098689
-63596,208.9757824141881,,3.3382138526070637
-63814,198.17360428453375,,0.7423763436748283
-63987,200.59108353507256,,1.4596360005568931
-64489,204.3859977224767,,2.8744808900052328
-65009,207.20522458616009,,1.6867769716178052
-65364,201.14189964947187,,2.002321175210418
-65779,203.758804582249,,1.0599860055072454
-66196,200.17043811242027,,1.6175015368730532
-66669,203.42547248921588,,0.5692673058598249
-67131,205.42035908699597,,0.8930644015592242
-67642,211.2583877926514,,1.1272728187156154
-68102,215.55081317503783,,1.775314860630425
-68477,220.32661122546068,,0.5476438842363787
-68978,225.17215906542415,,1.3788961042233665
-69329,235.01577011604036,,1.2390352850820374
-69743,237.5634446299485,,0.7545232842425287
-70142,239.45635365708617,,0.8837431869705584
-70540,232.7908655423784,,0.9362796900036766
-70916,232.33476105332247,,0.9669352322296012
-71269,230.89095840633556,,2.0903064188268137
-71800,232.73507960739272,,0.9352211498299682
-72271,231.3339802376306,,0.7002675660137408
-72575,241.2403946279206,,0.9823388858331388
-73117,243.2700059361268,,1.6234082934671858
-73595,249.52367746086176,,0.739188557197642
-73900,249.9395723649484,,0.6312608341102495
-74297,239.34140543854343,,1.1246540641246754
-74746,238.01317290414423,,1.980602707725798
-75106,231.68344444807624,,1.5425260726863828
-75665,224.91795384960736,,1.2971109768474158
-76130,226.64717080896844,,0.8409856276132861
-76557,224.1427524434798,,0.6475957884285086
-77019,227.2993454606292,,0.5594774056151716
-77460,229.25533496544975,,1.3440056547131476
-77927,234.7426828516585,,0.7243919054640138
-78380,230.6005847869417,,0.6188836081658208
-78771,233.92301778529907,,1.4557639895311745
-79256,230.32953997112173,,0.7956939133508402
-79761,234.13416436720672,,1.1690031548929674
-80118,238.88896579028287,,0.9379588522496312
-80576,240.87295493897983,,1.6390087862534692
-81038,246.32246412221588,,0.6979685218656663
-81604,247.1003682352176,,0.9963628866853148
-81990,250.78745315401204,,0.7955495338655367
-82407,243.16072770547603,,0.7588685397294654
-82986,238.42310352799865,,1.098171452929049
-83417,234.68610329976863,,0.6026558497435035
-83940,228.7630419503089,,1.5702164153308855
-84548,223.3774166240217,,0.7248273484194657
-85077,221.05561058442584,,2.319218942693825
-85631,223.62974404078184,,0.9255528771536036
-86186,217.8009629500103,,1.570896058914503
-86751,223.98941409211108,,0.5037664470855885
-87294,227.3783735355835,,1.0994600980061504
-87746,228.87834564758057,,0.5827139079255338
-88367,229.73738145870652,,1.2932470859753369
-88884,231.55865048827812,,0.5657796451497026
-89495,231.12075636405777,,0.5746336904186475
-89999,233.7418402936756,,1.1116439014712285
-90717,232.45568865935812,,2.220579734316614
-91474,235.1600042216258,,0.825646178065128
-91873,238.2070953273144,,0.7742785032639387
-92618,242.40636016295772,,0.5336583881577264
-93284,242.9141171772084,,1.0680429441934671
-93971,246.19646528867355,,1.542984026657226
-94524,245.7647295013877,,0.5968319850410163
-95320,242.35406601147716,,2.0356171058595214
-95977,239.85849997327503,,0.4490202478734186
-96633,243.179887786166,,0.2329829887657525
-97411,242.98971287919505,,1.0068160467597298
-98126,245.62557787811392,,1.069157605996378
-98593,247.872113110669,,1.0978904362663182
-99375,244.762424566832,,1.1289953724167154
-100021,240.0715355271941,,0.9399178816334112
-100814,237.07327561500705,,1.7537460901846784
-101358,240.68407213384208,,0.9370622200614068
-102324,247.76162928794557,,0.8302234054354171
-102381,238.88,,1.55
-103016,242.36,,2.64962962962963
-103557,248.78,,9.96
-104039,257.58,,4.2
-104306,241.4,,2.64962962962963
-104418,244.83,,3.05
-105024,240.34,,2.64962962962963
-106451,236.43,,2.64962962962963
-107179,244.44,,1.58
-107889,244.13,,2.64962962962963
-108605,246.69,,2.64962962962963
-109926,257.93,,2.94
-110686,256.79,,2.64962962962963
-110991,263.12,,2.64962962962963
-111169,264.75,,3.64
-111728,260.58,,2.64962962962963
-112300,267.9,,2.64962962962963
-112865,275.07,,2.64962962962963
-113496,276.96,,1.63
-113958,273.16,,2.64962962962963
-114525,273.63,,2.64962962962963
-115235,274.03,,2.64962962962963
-115669,274.98,,4.03
-116708,277.72,,2.64962962962963
-117292,267.74,,2.64962962962963
-117765,274.59,,1.3
-118194,268.73,,2.64962962962963
-118592,276.82,,2.64962962962963
-119476,279.48,,2.26
-119891,276.61,,2.64962962962963
-120150,278.25,,3.4
-120342,279.0,,2.64962962962963
-121063,279.16,,2.64962962962963
-121680,274.6,,6.56
-122009,275.87,,2.64962962962963
-122454,281.54,,2.64962962962963
-122867,275.52,,2.64962962962963
-123342,276.81,,2.78
-124063,275.15,,2.64962962962963
-124749,273.02,,2.64962962962963
-125012,274.93,,2.64962962962963
-125363,275.78,,2.64962962962963
-125553,276.88,,3.83
-126074,276.03,,0.28
-126222,280.72,,2.64962962962963
-126516,285.76,,2.64962962962963
-126928,271.08,,2.64962962962963
-127128,268.44,,1.92
-127705,260.61,,3.45
-128423,251.84,,2.64962962962963
-128868,250.84,,2.64962962962963
-129372,241.13,,1.89
-130026,232.28,,2.64962962962963
-130759,228.0,,2.64962962962963
-130981,224.63,,2.64962962962963
-131825,222.74,,2.64962962962963
-132572,212.43,,2.64962962962963
-134615,203.74,,0.79
-135813,199.18,,2.64962962962963
-136884,198.55,,1.08
-137999,192.75,,0.19
-140410,196.51,,0.95
-141701,194.59,,2.64962962962963
-142849,196.02,,2.64962962962963
-144158,193.59,,0.64
-146283,195.81,,4.05
-147516,201.78,,2.64962962962963
-148644,202.51,,2.64962962962963
-149494,202.35,,1.86
-151824,198.78,,1.73
-152939,196.3,,2.64962962962963
-154356,189.38,,2.64962962962963
-156716,189.0,,3.0
-157766,185.5,,3.0
-158204,187.5,,3.0
-161908,204.3,,3.0
-162384,196.5,,3.0
-164193,191.6,,3.0
-164834,190.1,,3.0
-165964,186.7,,3.0
-166795,183.8,,3.0
-167564,196.6,,3.0
-169989,197.8,,3.0
-172492,197.7,,3.0
-173883,196.0,,3.0
-174903,190.3,,3.0
-175583,189.4,,3.0
-175779,190.1,,3.0
-177923,207.7,,3.0
-179352,213.2,,3.0
-180246,217.7,,3.0
-181307,198.1,,3.0
-182421,199.7,,3.0
-184461,203.4,,3.0
-186487,210.7,,3.0
-187856,231.3,,3.0
-189304,231.4,,3.0
-190014,220.3,,3.0
-191124,218.0,,3.0
-193176,226.5,,3.0
-193849,220.0,,3.0
-195637,226.4,,3.0
-196377,241.2,,3.0
-196988,242.6,,3.0
-199802,250.9,,3.0
-200794,239.1,,3.0
-201892,247.6,,3.0
-203253,244.4,,3.0
-203625,231.9,,3.0
-203994,232.2,,3.0
-204409,228.6,,3.0
-204946,226.3,,3.0
-205290,229.4,,3.0
-205672,231.4,,3.0
-206158,238.1,,3.0
-206324,237.2,,3.0
-206871,230.0,,3.0
-207132,240.5,,3.0
-207495,242.2,,3.0
-208016,244.6,,3.0
-208225,243.9,,3.0
-208882,247.2,,3.0
-209108,252.0,,3.0
-209627,246.9,,3.0
-210128,239.5,,3.0
-210583,257.4,,3.0
-211380,243.4,,3.0
-212208,251.2,,3.0
-213130,241.4,,3.0
-213962,240.3,,3.0
-214356,242.6,,3.0
-214914,247.5,,3.0
-215465,251.7,,3.0
-215744,251.1,,3.0
-216250,245.3,,3.0
-217117,240.5,,3.0
-218985,214.1,,3.0
-219747,216.1,,3.0
-220589,207.1,,3.0
-221179,208.8,,3.0
-222321,205.6,,3.0
-224309,203.3,,3.0
-224899,215.7,,3.0
-225769,235.5,,3.0
-226489,234.5,,3.0
-226816,233.1,,3.0
-227622,224.5,,3.0
-229179,232.4,,3.0
-230241,233.9,,3.0
-230906,241.6,,3.0
-234040,245.2,,3.0
-234476,252.1,,3.0
-234900,241.4,,3.0
-235441,247.4,,3.0
-235955,243.1,,3.0
-236475,239.1,,3.0
-237058,245.6,,3.0
-237437,245.8,,3.0
-237788,247.4,,3.0
-238240,252.8,,3.0
-239383,259.7,,3.0
-239905,263.2,,3.0
-240735,279.0,,3.0
-241188,280.2,,3.0
-242171,263.7,,3.0
-242632,252.3,,3.0
-243107,249.9,,3.0
-243614,236.7,,3.0
-244238,230.4,,3.0
-244920,219.4,,3.0
-247149,214.7,,3.0
-249440,200.2,,3.0
-250182,213.9,,3.0
-251003,195.4,,3.0
-251806,196.7,,3.0
-252637,195.4,,3.0
-254348,199.0,,3.0
-255110,201.9,,3.0
-255958,204.0,,3.0
-257446,203.9,,3.0
-258944,209.6,,3.0
-259343,205.7,,3.0
-260104,208.9,,3.0
-260867,214.6,,3.0
-262633,228.1,,3.0
-264184,199.9,,3.0
-265057,211.7,,3.0
-266307,188.7,,3.0
-267045,187.2,,3.0
-267990,194.2,,3.0
-269086,198.8,,3.0
-270199,184.7,,3.0
-271215,190.4,,3.0
-272214,193.9,,3.0
-273204,194.1,,3.0
-274307,198.4,,3.0
-275493,193.2,,3.0
-276640,202.2,,3.0
-277669,204.5,,3.0
-278608,211.0,,3.0
-279450,215.3,,3.0
-280642,223.7,,3.0
-282484,231.3,,3.0
-283981,228.0,,3.0
-284659,226.4,,3.0
-285493,231.4,,3.0
-285870,230.4,,3.0
-286336,231.0,,3.0
-288234,234.9,,3.0
-288913,220.4,,3.0
-289612,217.1,,3.0
-290868,207.6,,3.0
-291700,206.0,,3.0
-292505,206.7,,3.0
-293414,212.7,,3.0
-294878,213.1,,3.0
-296754,217.1,,3.0
-297426,224.4,,3.0
-298165,231.0,,3.0
-299075,236.1,,3.0
-300134,239.0,,3.0
-301166,236.0,,3.0
-302150,240.2,,3.0
-303149,240.7,,3.0
-303828,250.2,,3.0
-304631,248.6,,3.0
-305513,244.8,,3.0
-306375,225.8,,3.0
-307473,227.8,,3.0
-308060,226.2,,3.0
-308826,233.2,,3.0
-309720,237.8,,3.0
-310643,239.0,,3.0
-311393,241.9,,3.0
-312101,251.6,,3.0
-312886,256.7,,3.0
-313707,257.1,,3.0
-314500,246.8,,3.0
-315199,272.6,,3.0
-315982,251.6,,3.0
-316902,245.2,,3.0
-317879,233.4,,3.0
-318966,255.8,,3.0
-319867,249.2,,3.0
-321433,257.2,,3.0
-322216,260.4,,3.0
-323057,260.3,,3.0
-323873,260.5,,3.0
-324641,266.2,,3.0
-325485,264.0,,3.0
-326136,266.1,,3.0
-326820,270.1,,3.0
-327464,271.9,,3.0
-328103,275.1,,3.0
-329343,265.0,,3.0
-330194,271.7,,3.0
-330848,272.6,,3.0
-331550,273.1,,3.0
-332047,282.4,,3.0
-332399,289.1,,3.0
-332593,288.4,,3.0
-333152,298.6,,3.0
-333757,278.1,,3.0
-334427,285.8,,3.0
-334917,278.6,,3.0
-335566,270.5,,3.0
-336263,255.7,,3.0
-337041,241.9,,3.0
-338033,239.6,,3.0
-338785,234.2,,3.0
-340841,250.1,,3.0
-341973,200.7,,3.0
-343050,205.2,,3.0
-344370,204.8,,3.0
-345594,211.9,,3.0
-347189,220.3,,3.0
-349726,221.1,,3.0
-351224,216.2,,3.0
-352462,209.4,,3.0
-353867,209.2,,3.0
-357060,193.0,,3.0
-358733,186.1,,3.0
-360617,185.8,,3.0
-363240,201.2,,3.0
-366115,206.3,,3.0
-369435,201.9,,3.0
-371507,199.9,,3.0
-373254,214.7,,3.0
-375084,224.6,,3.0
-376810,229.6,,3.0
-380981,227.0,,3.0
-382607,240.0,,3.0
-384333,239.1,,3.0
-385874,246.8,,3.0
-387460,245.8,,3.0
-390337,258.1,,3.0
-391027,259.5,,3.0
-392053,273.6,,3.0
-392956,260.7,,3.0
-396325,276.3,,3.0
-397976,277.1,,3.0
-398760,283.2,,3.0
-400190,283.1,,3.0
-400909,275.7,,3.0
-402363,276.5,,3.0
-403112,280.5,,3.0
-404592,279.6,,3.0
-405332,285.6,,3.0
-406868,284.5,,3.0
-407648,274.7,,3.0
-408503,282.6,,3.0
-409397,283.5,,3.0
-411308,274.9,,3.0
-412260,264.9,,3.0
-413229,271.6,,3.0
-413995,276.4,,1.6
-414475,271.7,,1.2
-415490,273.4,,1.5
-416006,271.8,,1.7
-416555,274.6,,1.8
-417625,273.7,,0.8
-418183,271.2,,1.5
-418751,273.8,,1.6
-419962,268.6,,1.4
-420582,266.4,,1.8
-421275,270.6,,1.1
-422557,267.7,,2.9
-423182,268.3,,1.9
-423790,270.8,,1.1
-424287,270.0,,2.5
-424671,265.4,,2.0
-425204,255.3,,1.3
-425991,252.1,,0.7
-426890,248.2,,0.9
-427228,242.5,,1.5
-429073,219.7,,1.7
-430229,227.2,,2.2
-431900,211.5,,1.7
-432429,207.6,,1.3
-433989,209.8,,1.6
-435535,207.5,,1.3
-437113,200.3,,1.6
-438709,201.7,,1.6
-440280,201.3,,1.1
-441894,202.0,,1.5
-443381,199.1,,1.1
-445269,201.1,,0.9
-446509,203.5,,0.6
-447621,208.1,,1.8
-448692,201.7,,1.7
-449797,201.2,,2.1
-450785,204.9,,1.4
-451825,201.9,,1.8
-452914,198.4,,1.3
-454051,193.3,,1.6
-455164,192.5,,1.0
-455795,199.1,,0.6
-456258,204.3,,1.0
-456844,203.3,,1.0
-457261,208.3,,1.4
-458302,202.4,,1.3
-459336,195.5,,0.8
-460464,190.7,,1.9
-461576,194.4,,0.7
-462649,199.9,,2.6
-463315,205.2,,0.9
-463651,210.0,,0.7
-464682,208.1,,2.2
-465756,204.4,,1.9
-466927,203.4,,1.2
-468090,205.5,,0.9
-468775,206.5,,0.9
-469250,215.5,,2.3
-469874,218.7,,0.9
-470313,229.2,,1.4
-470913,232.7,,0.7
-471267,243.7,,1.8
-471850,243.9,,1.1
-472142,245.6,,0.9
-473024,241.2,,1.7
-473975,233.1,,0.6
-474999,232.8,,1.1
-475991,236.6,,1.0
-476942,239.1,,0.9
-477452,236.5,,1.2
-477825,231.3,,1.0
-478378,220.8,,0.7
-478776,218.8,,2.3
-479712,223.8,,1.4
-480630,223.4,,1.7
-481445,227.3,,1.3
-482229,231.4,,1.1
-482986,231.4,,1.3
-483717,231.2,,1.2
-484448,233.0,,1.4
-485179,232.9,,1.2
-485898,231.3,,1.2
-486615,237.1,,1.8
-487352,242.0,,0.2
-487769,240.9,,0.4
-488076,252.8,,2.5
-488544,249.3,,2.7
-488783,242.6,,0.6
-489501,243.3,,1.3
-490204,246.7,,1.6
-490913,243.7,,1.4
-491643,239.7,,1.9
-492350,239.1,,1.2
-493074,238.3,,2.0
-493775,238.5,,1.4
-494494,237.6,,1.6
-495237,236.4,,2.1
-496015,236.5,,1.7
-496787,232.8,,0.8
-497576,230.6,,0.5
-498354,230.8,,1.0
-499133,228.2,,1.7
-499911,230.8,,1.4
-500687,231.2,,0.8
-501468,232.0,,1.6
-502227,232.2,,1.4
-502961,234.1,,0.8
-503734,233.9,,1.1
-504533,235.5,,1.8
-505362,236.0,,2.1
-506167,238.2,,0.9
-506990,237.0,,0.8
-507834,240.3,,0.7
-508702,233.4,,1.0
-509562,236.4,,1.4
-510413,235.2,,0.5
-511254,242.0,,0.8
-512083,238.2,,1.0
-512897,239.2,,1.2
-513700,241.5,,1.3
-514470,243.0,,0.5
-515204,247.2,,2.2
-515926,246.2,,2.6
-516650,245.5,,1.1
-517379,245.3,,1.3
-518123,247.7,,1.4
-518871,245.5,,0.8
-519624,243.5,,0.7
-521851,241.9,,1.4
-522620,236.8,,0.8
-523387,235.8,,1.2
-524156,233.7,,0.7
-524945,230.3,,0.8
-525748,227.8,,0.6
-526566,224.7,,1.9
-527453,222.7,,1.0
-528340,221.2,,1.2
-529251,220.3,,0.5
-530128,220.7,,0.9
-530642,214.5,,0.5
-531037,211.4,,2.2
-531604,204.4,,0.6
-531982,200.0,,0.8
-532718,195.1,,0.7
-533093,193.8,,0.8
-533745,190.5,,1.7
-534228,199.8,,1.2
-535384,199.4,,0.8
-536490,205.0,,0.9
-537563,206.4,,0.7
-538633,212.9,,1.3
-539703,211.2,,0.7
-540790,205.0,,0.8
-541894,203.6,,1.2
-542935,208.1,,0.8
-543914,210.3,,1.6
-544880,209.6,,1.6
-545856,209.7,,0.8
-546820,204.6,,1.9
-547770,202.5,,1.6
-548280,208.8,,0.7
-548632,213.6,,0.9
-549431,215.2,,0.5
-550161,219.9,,0.5
-550731,221.7,,1.4
-551070,222.3,,0.9
-551295,226.3,,0.9
-551669,222.1,,1.1
-551858,220.3,,0.3
-552529,223.6,,1.1
-553208,224.3,,2.2
-553892,226.7,,1.2
-554457,233.9,,1.5
-554973,241.0,,1.4
-555248,243.0,,0.8
-555435,249.1,,2.1
-555707,244.0,,1.5
-555888,250.5,,0.8
-556204,245.6,,1.3
-556356,240.4,,0.9
-556827,238.1,,1.2
-557366,234.5,,1.0
-557686,229.7,,0.4
-557922,230.2,,0.7
-558486,230.3,,1.5
-559015,228.3,,0.9
-559500,231.6,,1.2
-559938,231.9,,1.2
-560360,234.6,,1.5
-560705,234.1,,0.9
-561184,240.1,,2.1
-561585,242.3,,0.5
-561977,245.7,,1.8
-562360,245.8,,0.5
-562774,247.6,,1.5
-563184,251.4,,1.7
-563588,252.4,,1.7
-563945,252.6,,1.0
-564295,251.4,,0.7
-564638,253.7,,0.8
-564968,254.3,,1.6
-565289,253.9,,0.7
-565598,254.5,,1.6
-565934,253.2,,0.9
-566254,253.9,,1.2
-566584,252.8,,1.1
-566980,253.0,,0.6
-567364,250.2,,0.4
-567733,251.3,,1.3
-568117,250.0,,1.3
-568513,251.3,,1.3
-568912,251.8,,1.2
-569311,251.8,,1.3
-569683,249.6,,0.5
-570024,251.6,,1.7
-570365,250.3009961681342,,1.0367141312613442
-570719,246.30955184938028,,1.1463086611230204
-571103,247.65697248974385,,0.6803772992000607
-571525,249.18618138857704,,1.083259495255621
-571963,248.72078039844757,,0.3908957770107191
-572414,251.7666008144979,,1.7773613165168485
-572856,251.8615047665413,,0.6979653871810029
-573283,252.08002667419615,,1.3008693087626229
-573704,248.8639219697805,,0.9769547197838526
-574162,252.543697553062,,0.521554005548807
-574649,252.8973536409592,,1.0607246117810047
-575165,251.2965766771463,,1.059293978043261
-575703,251.341725346752,,1.1303544188686772
-576246,251.0792763522184,,0.595627620512461
-576792,249.0568689785398,,0.4807395294254249
-577330,252.92340485161623,,1.065351284794579
-577883,251.47302309267096,,1.8038686375787312
-578260,244.13978325747763,,1.670671659998862
-578451,243.8071398156684,,0.868290266631439
-578864,236.17021956160747,,0.3017587944803129
-579168,230.2553890769855,,0.5724214276419878
-579596,225.2070402346668,,1.565155138170304
-579978,219.4126580601745,,0.8117183114200421
-580504,215.44586651227405,,1.07096189858344
-580886,209.88341782048892,,1.1769936805769108
-581624,206.68125254107684,,0.5068690755391836
-582008,210.6390178335049,,0.6383923432232126
-584770,223.95763277250387,,0.8675012574815162
-585221,225.9929310765137,,1.4457602611893452
-585938,234.40092907192803,,0.5019958595323035
-586329,238.7841158534624,,0.9756810880396092
-586990,246.34602904387208,,1.8029438166959195
-587475,250.20456464222792,,0.4007108997440896
-588090,248.1046423657793,,0.559608662543458
-588538,243.5553025827732,,0.7599033856330139
-589069,237.37751240309967,,0.7514988885033725
-590433,225.678803565834,,1.1274976170016895
-590835,229.3866700921104,,1.2532747452078818
-591611,233.1632188953882,,0.2824806019433695
-592096,238.1475936125431,,0.8935873097575461
-592913,237.9772146198636,,1.0535690359542107
-593486,232.91795566697328,,0.5962378482178416
-594271,221.2172428733,,1.7682609591816072
-594841,216.4410115698623,,0.91316283531538
-595853,216.27309709713364,,1.4842578543166225
-596379,219.0222803388292,,1.002835910838599
-597268,225.9716626647501,,1.1365546928663075
-597864,229.38148051861887,,1.3931304975329866
-599305,232.45478922791705,,1.3038065350794426
-600650,237.8582812314746,,0.7911132918851009
-601999,239.14012591458967,,1.0943850856139088
-603353,244.5322516170048,,0.7016670002253649
-604675,248.4801850050678,,1.6785306654369767
-606029,254.57832546938147,,1.2212819152641674
-607297,259.22379791893974,,1.816380535587509
-608479,257.7448677422332,,0.4575246597173467
-609601,257.8151013837554,,2.1059044636026454
-609650,259.6847091794925,,1.1644945032222638
-610811,258.13797445364014,,1.4145866443089945
-611992,256.193578648728,,0.3923918341014312
-613190,252.74797477389265,,1.0558532435516896
-614349,252.8982584181087,,0.6188803786276929
-614406,252.729800513971,,0.9356804108588554
-615659,252.63944486217684,,1.0614482021587828
-617003,248.28893339724928,,1.000936592352468
-618333,245.8865878724808,,0.2868457917392431
-619701,243.5306835863856,,0.8113406949026285
-621000,243.88545246756436,,2.840729062054228
-621104,239.19230883467588,,0.8325415437760351
-622546,237.92850701362372,,1.024716806885159
-623447,235.02330647237795,,0.3465564486843668
-624097,228.5122253513537,,0.8830231439022055
-625019,215.70968264504967,,0.4796657087953161
-625880,205.76310728563763,,0.9357682297417156
-627189,199.52416462021895,,0.7680869674659921
-627819,205.26582182975855,,0.8675590803826428
-627916,200.77734554085592,,0.4993715182694097
-629576,200.4570693283412,,1.8142630735080976
-630406,196.49917279673912,,1.514601076047805
-632127,193.09789993536265,,1.5526757621230791
-632931,195.94989153226655,,1.5295453093531153
-633059,194.85936588137292,,1.7631466086235197
-634571,194.00258992033588,,0.656973472184163
-635764,195.33150117951013,,1.850606616232673
-637468,188.8477364074226,,0.9625092283250918
-638422,190.1777336005101,,0.4988112904085067
-640124,191.3842569534652,,1.0476237359173044
-640906,191.5605717991007,,1.125125660975763
-642350,195.3061298127235,,1.2535435328206734
-643200,195.8204274432848,,0.9496040152720904
-644426,189.88548096825596,,2.0195381674049586
-645304,191.8480609628653,,1.0021358748154088
-646662,193.4765987078096,,0.7445260814920164
-647241,196.171494104952,,0.4384744657168455
-648398,189.2501799432969,,1.217006115287788
-648997,193.44315462070247,,0.710364547509546
-650154,187.2748940558699,,0.5419652663388468
-650758,186.7937683040444,,0.9689950746862728
-651780,192.8691774329536,,1.8458811199062075
-652488,194.81602929906572,,0.9848635910685708
-653574,199.99595342018023,,0.533737275122934
-654182,200.35242454933484,,0.7452710439425393
-655231,192.9341212467433,,0.6495834043117569
-655704,189.23340881737832,,1.782637246447658
-655771,190.8769405532136,,0.8745422048769677
-656814,184.098136363561,,0.2872499959310805
-657343,187.3800806732598,,1.0624536886831395
-657461,185.6837857761792,,0.4142988057162743
-658513,188.43427447380083,,0.952114568150456
-659168,193.9700304568731,,0.9860539703018264
-659265,191.59170346951032,,0.7748889463688593
-660332,189.6905841804821,,1.5153285959589515
-660846,193.9082170435541,,2.1187140471892407
-660927,190.86103041769672,,1.0188990068199388
-661987,191.02249326390395,,1.2013429676122072
-662370,192.55321359717547,,1.303303128464265
-662458,187.7670323098909,,0.8324468692082797
-663371,180.16659707392196,,1.1165737704283798
-663886,180.53768178380184,,1.116933774815544
-664803,174.76867941399888,,1.0439980375019229
-665459,173.71362014216885,,1.3774806668983484
-666465,177.7146610306198,,0.6829207941950545
-666965,180.6705433303129,,0.7071238177117776
-667869,187.6555369926176,,0.1835038939585193
-668346,191.5141318512642,,0.924357446344934
-669120,194.87837297832084,,0.9683245955434528
-669507,196.8275423165405,,0.6946123830988237
-670200,194.789560383579,,0.5814576171521617
-670811,197.1291521940604,,0.9922885896023796
-671746,201.1220985980582,,1.0023985105114763
-672279,204.669745646326,,0.7311593303092837
-673078,211.69145610328425,,0.5840187534379967
-673456,216.1224817958984,,0.8064128363641915
-674580,222.57485445876677,,0.7600945737942328
-675202,219.96238463739664,,0.6068220435788323
-675650,216.59070226826563,,0.9337002877588132
-676378,218.20973466460345,,1.380134405410298
-676791,220.086237115456,,1.524574287694893
-677505,229.16045804591084,,0.8058615073712767
-677785,232.70102424711223,,0.8978986975794354
-678362,233.61111358821643,,0.5501250025259403
-678677,233.1080061479115,,1.163398055546719
-679275,225.80855816583323,,1.211256716881031
-679719,227.89516025735253,,1.319533797000754
-680393,221.30626385386472,,0.8869720844699525
-680790,219.1411841639893,,0.9510402564768944
-681507,220.2352186749276,,1.6793307751582849
-681878,222.6967127552533,,0.6043873195707454
-682473,225.64160209672892,,1.649888470751343
-682808,224.3560776723839,,1.2948697687199315
-683344,221.82035466276145,,0.7708420713808073
-683729,220.62261407272987,,0.6968539570047005
-684319,220.6316642042182,,1.3852335293701394
-684631,222.61792578852743,,1.0450375122331623
-685204,222.7044405108711,,1.053978755694425
-685495,222.96501296914877,,1.242740476446459
-686050,226.72892608676472,,1.0037480094564408
-686350,227.65046207304687,,1.3423382221382965
-686859,227.6358560751815,,1.136448920064188
-687207,230.66878933516543,,1.6632944084792058
-687743,232.0747771551575,,1.289678689631009
-688001,232.26747586461005,,1.4855775774543163
-688524,235.8000553317824,,0.9915758682460468
-688786,236.4535724768809,,0.5292332852170494
-689271,239.2879301088554,,1.0526140521315526
-689517,238.41599878810229,,1.2427951974014642
-690017,239.37873479610943,,1.9531625178587464
-690368,243.5623167259663,,0.5615712358602863
-690882,239.2983940505077,,1.2702858850717482
-691127,238.47330442832688,,2.146507655433375
-691624,243.6995486644999,,2.1001610782243145
-691871,237.7560079776989,,0.8390637265288013
-692330,239.3406332632852,,0.9852721995442376
-692586,240.45669225384145,,0.706995324711814
-692999,239.31113174299168,,0.9149304994304088
-693309,239.79653384828728,,1.4236919582148562
-693782,236.7987347932641,,0.5690322368477511
-694031,238.73723027829791,,1.4643830907130535
-694484,238.0518499460627,,1.5192031536532
-694694,238.13269799082363,,1.2835785695066602
-695140,239.4354918894625,,0.9602570570952548
-695392,238.41997928360917,,1.1080601774993268
-695796,239.884743914407,,1.274905017933054
-696089,241.0299151581724,,0.7922983600174459
-696555,240.89904625193032,,1.9198505668566448
-696803,241.8320311598419,,0.7341267046957969
-697265,238.8636108455049,,1.021891824849492
-697489,239.00952129629684,,0.6497623661608994
-697914,239.72641961823388,,0.7994093552529205
-698153,237.20611593740932,,0.5512069977009676
-698535,236.7173884297771,,0.6524884589654495
-698864,236.6070014153336,,0.4848020176850984
-699318,235.4215271002262,,0.9696813467969794
-699574,232.4560078431405,,0.5413149660834912
-700043,230.88479116742863,,1.0192437361272138
-700250,232.162121529527,,0.749892869556236
-700784,232.1824465330735,,1.6181229748887094
-701059,230.58782898361125,,0.2559010673624149
-701518,233.3539062097976,,1.2560202606279032
-701846,232.2805206457517,,1.12322840848368
-702300,232.82958847745476,,0.5223882324016058
-702631,233.54448715907165,,1.357983828009344
-703103,234.04269676194463,,0.4637545850732266
-703293,235.09172492612444,,1.678910402112148
-703776,237.18468030646915,,1.3260284797880697
-704103,237.661231516828,,1.5677114479839878
-704542,236.05369135840692,,1.751908720085537
-704760,236.0453403013913,,0.9321061942307596
-705360,238.8480696520816,,0.7954888196751801
-705693,233.50528810247425,,1.4608821629261608
-706249,233.5834734270881,,1.0034731769051095
-706463,233.11228487432956,,1.0084088518327274
-707009,234.83616059567032,,1.1452033009545937
-707503,231.43297127712552,,0.8594372070505555
-707959,230.50735989141307,,0.9947648551902576
-708506,227.032822730358,,0.7326408880228399
-709033,224.9017352890244,,0.6243739057945483
-709449,225.3889691337453,,0.291783548070744
-710071,224.1234469162136,,1.4853738817191908
-710293,224.001743721128,,1.446255348232054
-711362,223.8856925917568,,0.4686841472687137
-712115,227.63734055505356,,1.6085689588669905
-712453,227.08319713303533,,2.013014658797588
-713165,223.14262795384457,,0.5882266014336878
-713615,227.5826981949172,,0.5548756557206188
-714360,213.59999290263292,,0.6576049913218635
-714635,210.5098874628876,,1.6545488906952164
-715398,198.42559568024177,,1.1695152879867936
-716005,189.87843381686548,,1.1284184900240544
-716828,193.46090298257133,,1.640632587462134
-717337,200.8234844705578,,0.7526617381262202
-718137,212.030518626341,,0.8419713032197595
-718640,217.0426911316349,,0.8974725947040259
-719457,219.2003556861584,,1.178419451540072
-719739,218.956944794401,,1.2689508232038187
-720555,216.09677010835375,,2.0217988321927587
-721044,212.108071771009,,0.6856075897029287
-721830,212.54540888381376,,1.7706876507822464
-722191,214.0125927948141,,1.1858159008333498
-723025,210.4806821716978,,0.369313747677805
-723524,211.49197634968232,,1.2784133640994195
-724299,211.075995557622,,1.0738711427455858
-724626,211.42656926315465,,0.768221078155295
-725948,210.0675097854836,,1.6249985781001226
-726643,210.24197486380825,,0.833751855826365
-727037,211.0778130948141,,0.7849794388631725
-727886,210.0149974521128,,1.0076210785622728
-728310,212.1716466152816,,1.7206724434211438
-728958,210.16351745201928,,0.6944432439485729
-729234,210.702373057978,,0.3431822743997105
-729910,211.62321092369945,,0.3588521139551704
-730371,213.73187878271676,,1.8854882984046404
-731043,208.1143039021245,,1.2435557905969836
-731378,207.72075200492253,,0.8135814333168072
-732072,210.60174265873587,,1.033051780085097
-732512,216.1485998526368,,1.812891840158939
-733184,214.6624205315424,,0.7118362282959495
-733459,217.88283774216444,,0.8310894094275411
-734157,217.1944729687879,,1.3798894010140397
-734572,213.14402038614645,,1.6602737935191392
-735319,206.92018121563933,,1.5556306173987606
-735710,204.5191038769512,,1.494086940454806
-736630,191.7441063146352,,0.9268977898068326
-737224,185.6096600660596,,0.3341665308131939
-738156,185.40236646163788,,2.3842786702936385
-738510,183.3925392147808,,2.4034392529053266
-739379,184.7670847091236,,2.071382015960189
-739924,189.1426274551468,,1.3085340532343357
-740694,188.64664196412704,,2.7074387385724004
-741112,187.3271928405565,,0.7156315365533596
-742009,188.17959977716012,,0.9098234696957472
-742573,188.96881973948896,,0.8979745666580884
-743721,187.29232436787936,,1.2426789240540344
-744669,190.24154927677864,,0.4211508035999273
-745227,187.91988159174213,,0.3179900034942657
-745990,187.9522843282685,,1.2727042394874546
-746386,187.54375693792412,,0.8433095140470652
-747312,188.67887489361215,,1.262406998466751
-747864,190.17483689562675,,1.7559892034321856
-748756,192.0759223880364,,1.5705611513082027
-749086,191.29603626015796,,1.3840358241033597
-750023,193.54717137122023,,1.8834206894219847
-750615,197.49572596202373,,1.299814586973093
-751539,195.43388919380428,,0.34071159513423
-751984,203.90279658442105,,1.8398664573343373
-753164,199.046053641412,,1.700036765249698
-753636,203.2996954570858,,1.5268927099251228
-754616,208.10367110123957,,1.96108642784158
-754900,209.44507971285617,,1.3575417299054444
-755835,213.61139014973045,,2.1519463764930458
-756412,218.3519526756556,,2.335383460485207
-757185,222.7200859322036,,1.502447772361501
-757611,226.94301148021165,,1.4209634792271384
-757928,223.0236554615564,,0.6806059370189325
-758158,225.37366760867587,,1.7536142467968638
-758566,225.61582539678184,,2.3307986425963385
-758989,222.7085788690187,,1.2338040018088925
-759914,216.64080861985224,,0.7548597722786945
-760216,214.6940079861074,,1.118173018820816
-761151,213.99980285899036,,1.8618855596923896
-761820,219.9481576823577,,0.2304823901300957
-762726,223.89295015434175,,2.0579804698215813
-763231,222.92608638468548,,0.9183284521864634
-763636,233.66090567198847,,3.049592400299363
-763901,229.40748753827657,,2.674206001409535
-764238,232.11545547204437,,1.3779113623738903
-764858,230.6229188352788,,0.8856951018895258
-765797,224.86466602091244,,1.5583463150223578
-766167,223.8179649132784,,0.5111583821535205
-767111,221.6409365039408,,0.4114942734991057
-767701,225.86635666622996,,0.9485926495573356
-768649,230.62690342109488,,2.1082870613468976
-769070,229.56423626852964,,1.803812260694781
-769569,236.31890028889168,,1.6377157101793518
-769862,234.24054819146696,,1.6134880301460466
-770225,239.7120056138232,,1.8702878916783847
-770524,243.88525238228883,,1.102025199411039
-770787,246.4945680375353,,2.1704365867511104
-771045,243.85475201990903,,2.0915352179234943
-771299,246.03058180018397,,2.4452714908191937
-771734,237.7794476149145,,1.513350883182352
-772094,239.2312024030053,,1.003750096848397
-773008,238.3850775692524,,2.258983127720132
-773588,241.7410824819303,,0.8747274112657089
-774382,245.3180552676516,,0.3600558657021887
-774832,248.92347258064217,,0.627472504962422
-775731,247.3032103301009,,2.010076076940313
-776282,252.455538875688,,0.6673164127447155
-777107,254.92704442683268,,0.4849938599409939
-777417,254.6895620893129,,1.1298180188233868
-778238,254.4321062869957,,2.360097406907842
-778769,252.52125685420285,,0.9329457016592284
-779612,257.21033919112165,,0.6046787703325509
-779936,251.50919000069743,,0.7031595294752219
-780778,257.43630369580933,,0.6529222533852811
-781248,255.01817636257545,,1.058782846188347
-782311,260.9181501208988,,2.5124151989298675
-783084,255.84554031289508,,0.6588671140369755
-783569,259.66462384723866,,0.2405433853193871
-784239,262.229808343788,,2.567331214046642
-784613,264.34502908314164,,1.3826529041805364
-785405,269.3559592885488,,1.257992802419019
-785853,265.99732874144445,,0.7336300077526301
-786529,257.19893666253785,,1.524640201560276
-786741,257.0184549055622,,2.689934642042693
-787544,238.64095357456617,,0.7801470315666661
-788003,235.48574308581584,,2.9910098309067688
-788689,227.37775029010012,,0.844955417896738
-789106,230.55013467896876,,1.766082234070966
-790080,224.68576227610308,,3.6724532091681534
-790667,214.4503513988741,,2.5334532825462515
-791569,213.35775959891657,,1.6000218758630544
-791902,218.39264166858877,,1.9268310175163927
-793172,208.7893628439667,,1.6721751137071554
-793737,204.617506415808,,1.9876169747805548
-794902,198.7924036449917,,2.095588158849461
-795428,197.90878630711256,,1.41523773542334
-796731,200.4894558655116,,2.18898909922407
-799286,198.68361088983107,,1.7362042874796464
-800922,198.6572141815183,,0.9826471295306928
-801759,202.64710592439064,,1.0430494297396091
-801975,202.92172318213744,,2.064487911657036
-802059,207.49864546768265,,0.9150827154906018
-802572,204.8619380343144,,1.6428507646376431
-803182,202.2268391289192,,0.6895867287509932
-803718,207.28544010704545,,2.202808377356489
