year,temp
2023,-54.27
2022,-54.13
2021,-54.41
2020,-54.03
2019,-54.21
2018,-54.17
2017,-54.19
2016,-54.41
2015,-54.66
2014,-54.36
2013,-54.07
2012,-54.44
2011,-54.09
2010,-54.36
2009,-54.02
2008,-54.29
2007,-53.91
2006,-54.13
2005,-54.16
2004,-54.39
2003,-54.31
2002,-54.05
2001,-54.33
2000,-54.43
1999,-54.53
1998,-54.42
1997,-54.47
1996,-54.11
1995,-54.39
1994,-54.56
1993,-54.54
1992,-54.14
1991,-53.96
1990,-54.29
1989,-54.43
1988,-54.06
1987,-54.47
1986,-54.39
1985,-54.27
1984,-54.23
1983,-54.16
1982,-54.56
1981,-54.06
1980,-53.84
1979,-54.64
1978,-54.46
1977,-54.21
1976,-54.63
1975,-54.3
1974,-54.35
1973,-54.24
1972,-54.04
1971,-54.26
1970,-54.37
1969,-54.5
1968,-54.5
1967,-54.28
1966,-54.45
1965,-54.47
1964,-54.73
1963,-54.66
1962,-54.96
1961,-54.33
1960,-55.03
1959,-54.64
1958,-54.64
1957,-54.32
1956,-54.42
1955,-54.43
1954,-54.85
1953,-54.85
1952,-54.61
1951,-54.7
1950,-54.39
1949,-54.42
1948,-54.54
1947,-54.48
1946,-54.59
1945,-54.48
1944,-54.61
1943,-54.8
1942,-54.58
1941,-54.43
1940,-54.69
1939,-54.3
1938,-54.53
1937,-54.74
1936,-54.5
1935,-54.64
1934,-54.59
1933,-54.71
1932,-54.77
1931,-54.66
1930,-54.72
1929,-54.68
1928,-54.58
1927,-54.48
1926,-54.58
1925,-54.86
1924,-54.69
1923,-54.72
1922,-54.58
1921,-54.56
1920,-54.76
1919,-54.66
1918,-54.59
1917,-54.54
1916,-54.29
1915,-54.42
1914,-54.54
1913,-54.49
1912,-54.51
1911,-54.63
1910,-54.53
1909,-54.46
1908,-54.84
1907,-54.43
1906,-54.38
1905,-54.64
1904,-54.67
1903,-54.57
1902,-54.38
1901,-54.55
1900,-54.56
1899,-54.41
1898,-54.38
1897,-54.47
1896,-54.61
1895,-54.67
1894,-54.77
1893,-54.56
1892,-54.5
1891,-54.66
1890,-54.42
1889,-54.43
1888,-54.42
1887,-54.6
1886,-54.48
1885,-54.57
1884,-54.47
1883,-54.44
1882,-54.45
1881,-54.54
1880,-54.45
1879,-54.4
1878,-54.26
1877,-54.52
1876,-54.42
1875,-54.43
1874,-54.53
1873,-54.58
1872,-54.5
1871,-54.49
1870,-54.47
1869,-54.45
1868,-54.47
1867,-54.53
1866,-54.5
1865,-54.53
1864,-54.59
1863,-54.52
1862,-54.5
1861,-54.51
1860,-54.49
1859,-54.52
1858,-54.45
1857,-54.57
1856,-54.51
1855,-54.45
1854,-54.53
1853,-54.54
1852,-54.54
2000,
1993,
1987,
1981,
1974,
1967,
1960,
1953,
1945,
1937,
1928,
1920,
1912,-53.62
1904,-52.66
1895,-51.46
1886,-54.15
1877,-54.92
1860,-54.45
1851,-55.02
1841,-53.71
1831,-55.05
1821,-55.61
1811,-54.12
1800,-54.9
1790,-53.45
1779,-54.22
1769,-55.22
1759,-55.73
1749,-53.99
1738,-56.94
1727,-54.08
1717,-53.66
1706,-53.79
1695,-54.52
1684,-54.64
1673,-55.91
1661,-54.84
1649,-54.34
1638,-55.72
1627,-54.91
1615,-55.09
1604,-54.47
1592,-55.17
1580,-55.4
1568,-56.03
1555,-54.97
1543,-54.62
1532,-54.29
1520,-56.23
1508,-54.34
1496,-54.36
1484,-55.06
1472,-55.3
1460,-54.08
1447,-56.86
1435,-55.35
1422,-54.86
1409,-53.24
1396,-53.8
1383,-55.27
1370,-53.1
1357,-55.37
1344,-55.31
1331,-53.04
1318,-53.52
1306,-54.23
1292,-55.46
1278,-55.11
1264,-55.13
1250,-54.99
1235,-55.46
1221,-55.94
1206,-55.41
1192,-54.6
1178,-54.66
1165,-54.18
1152,-54.47
1138,-53.94
1126,-53.56
1113,-53.33
1101,-53.0
1089,-55.53
1075,-53.91
1061,-55.91
1047,-53.58
1033,-55.53
1019,-55.17
1004,-55.05
989,-55.25
975,-54.12
960,-54.9
946,-54.94
932,-55.45
918,-54.36
904,-53.51
890,-54.14
876,-55.25
861,-55.3
847,-53.78
832,-55.04
818,-52.95
804,-55.4
790,-54.84
776,-53.57
762,-53.47
749,-53.62
735,-55.04
721,-53.92
707,-54.13
692,-54.23
678,-54.66
664,-54.8
649,-53.27
635,-54.28
620,-53.61
606,-54.67
592,-52.95
578,-53.61
564,-54.67
550,-54.52
535,-54.98
519,-55.2
503,-54.95
487,-53.46
472,-55.43
456,-54.82
441,-55.04
425,-54.77
410,-53.6
394,-55.42
379,-54.46
362,-54.26
346,-55.65
330,-55.34
313,-53.77
296,-55.74
280,-54.08
264,-54.15
248,-55.31
231,-55.06
214,-54.61
196,-54.4
180,-53.95
163,-55.91
146,-54.25
129,-55.54
111,-55.49
94,-54.15
78,-55.56
62,-52.71
45,-54.5
28,-54.49
12,-54.88
-5,-54.32
-22,-54.8
-40,-55.23
-57,-55.58
-75,-54.52
-93,-55.42
-110,-52.88
-128,-55.2
-145,-55.24
-162,-54.06
-179,-55.14
-197,-54.84
-215,-55.52
-233,-54.98
-252,-54.96
-269,
-286,-53.64
-303,-54.2
-320,-54.85
-338,-54.33
-356,-56.55
-376,-55.91
-396,-55.13
-416,-55.33
-435,-55.44
-454,-56.47
-473,-55.28
-493,-54.5
-512,-55.15
-530,-55.13
-549,-54.34
-567,-54.95
-585,-53.58
-602,-54.61
-620,-53.99
-639,-55.27
-657,-54.13
-674,-53.65
-691,-54.41
-709,-54.69
-728,-55.06
-746,-54.7
-764,-55.38
-782,-53.21
-800,-53.61
-817,-53.69
-834,-53.59
-851,-54.49
-868,-53.18
-885,-53.38
-901,-53.38
-919,-54.46
-938,-55.14
-956,-55.5
-974,-53.93
-992,-54.21
-1011,-54.84
-1030,-55.41
-1049,-54.51
-1068,-55.01
-1087,-54.4
-1105,-54.35
-1124,-54.53
-1142,-53.87
-1160,
-1178,-53.23
-1196,-55.96
-1215,-55.41
-1235,-55.8
-1256,-53.88
-1276,-55.32
-1296,-56.26
-1317,-54.03
-1336,-55.24
-1356,-55.55
-1375,-53.8
-1395,-55.21
-1415,-55.94
-1435,-54.51
-1455,-54.78
-1475,-54.94
-1495,-54.68
-1514,-54.52
-1533,-54.04
-1553,-55.54
-1572,-53.15
-1590,-54.35
-1609,-54.79
-1628,-54.34
-1648,-55.17
-1667,-53.58
-1685,-53.73
-1703,-54.33
-1722,-53.88
-1740,-53.47
-1758,-55.52
-1777,-53.14
-1795,-53.24
-1813,-56.07
-1832,-53.43
-1852,-54.42
-1871,-54.24
-1891,-55.2
-1911,-55.42
-1930,-53.78
-1950,-54.62
-1969,-55.02
-1989,-54.69
-2010,-54.91
-2029,-54.1
-2049,-55.06
-2069,-55.09
-2087,-53.72
-2106,-53.69
-2126,-55.66
-2145,-53.61
-2164,-53.68
-2184,-55.09
-2203,-54.92
-2223,-54.44
-2242,-54.0
-2262,-56.07
-2281,-53.83
-2300,-53.19
-2319,-54.7
-2338,-53.14
-2356,-54.98
-2376,-55.53
-2396,-54.5
-2417,-54.21
-2436,-54.46
-2456,-54.82
-2475,-55.4
-2495,-54.15
-2514,-53.17
-2533,-54.89
-2552,-53.72
-2571,-55.2
-2591,-54.9
-2612,-55.3
-2632,-54.49
-2651,-54.34
-2671,-54.23
-2691,-55.06
-2711,-54.51
-2730,-54.66
-2751,-54.88
-2770,-53.56
-2790,-55.26
-2810,-55.71
-2830,-54.78
-2851,-54.87
-2871,-55.66
-2892,-54.82
-2912,-53.83
-2932,-54.25
-2951,-54.66
-2970,-54.53
-2989,-54.13
-3008,-53.52
-3027,-55.0
-3047,-55.16
-3067,-54.82
-3087,-54.79
-3106,-54.14
-3127,-55.45
-3147,-54.74
-3167,-54.63
-3186,-54.25
-3206,-53.94
-3224,-53.92
-3243,-54.24
-3262,-54.97
-3282,-54.67
-3303,-55.88
-3323,-54.76
-3342,-53.81
-3362,-54.71
-3381,-53.82
-3400,-54.76
-3419,-54.47
-3439,-53.96
-3458,-56.64
-3480,-55.58
-3502,-55.78
-3524,-54.56
-3545,-55.8
-3566,-56.69
-3588,-55.32
-3610,-54.5
-3629,-53.27
-3647,-54.76
-3667,-54.4
-3686,-55.25
-3706,-54.6
-3726,-54.74
-3746,-55.47
-3766,-53.93
-3786,-55.27
-3806,-53.12
-3824,-55.22
-3843,-53.59
-3861,-53.49
-3880,-55.48
-3899,-54.21
-3918,-53.93
-3936,-54.18
-3955,-55.04
-3975,-55.39
-3996,-55.21
-4017,-56.04
-4038,-55.0
-4058,-54.05
-4077,-54.52
-4097,-54.9
-4116,-55.3
-4136,-54.44
-4156,-54.01
-4176,-56.02
-4196,-53.7
-4215,-55.43
-4235,-55.01
-4255,-55.21
-4274,-54.47
-4294,-55.18
-4315,-55.73
-4335,-54.23
-4356,-54.69
-4375,-55.8
-4396,-56.05
-4417,-54.88
-4437,-55.87
-4459,-55.26
-4480,-54.97
-4499,-53.71
-4518,-54.64
-4537,-56.28
-4558,-55.84
-4580,-53.69
-4600,-54.98
-4619,-55.77
-4640,-55.21
-4661,-56.77
-4683,-54.72
-4704,-56.0
-4725,-56.5
-4745,-53.9
-4764,-54.27
-4784,-54.78
-4804,-55.97
-4825,-55.81
-4846,-55.7
-4867,-55.57
-4887,-55.09
-4907,-53.75
-4926,-54.75
-4944,-53.51
-4963,-55.23
-4983,-55.3
-5003,-55.73
-5023,-54.99
-5043,-54.79
-5063,-55.94
-5084,-55.44
-5105,-55.16
-5126,-55.61
-5146,-55.66
-5167,-54.89
-5188,-56.41
-5209,-57.5
-5233,-55.82
-5256,-55.43
-5277,-56.32
-5298,-56.06
-5320,-55.93
-5341,-54.9
-5361,-53.62
-5379,-55.31
-5399,-56.6
-5420,-55.54
-5442,-56.34
-5464,-56.19
-5486,-54.74
-5507,-56.03
-5527,-56.27
-5548,-55.43
-5568,-54.47
-5588,-55.43
-5607,-53.8
-5626,-55.21
-5645,-53.67
-5664,-55.64
-5683,-56.21
-5704,-55.32
-5725,-54.96
-5744,-54.07
-5763,-56.38
-5783,-55.64
-5803,-53.71
-5823,-54.03
-5842,-56.53
-5862,-55.54
-5883,-55.97
-5904,-55.99
-5924,-54.84
-5943,-54.24
-5963,-55.06
-5982,-55.56
-6002,-55.74
-6023,-55.91
-6044,-55.75
-6066,-56.69
-6087,-55.37
-6110,-57.59
-6132,-55.63
-6154,-55.15
-6174,-55.9
-6195,-56.54
-6218,-57.04
-6241,-56.75
-6263,-55.81
-6285,-56.21
-6305,-55.27
-6326,-55.85
-6347,-55.93
-6368,-55.76
-6389,-55.74
-6411,-56.9
-6433,-56.19
-6455,-56.39
-6476,-55.9
-6497,-55.24
-6518,-55.2
-6538,-55.35
-6558,-57.29
-6578,-55.24
-6599,-54.12
-6619,-55.31
-6639,-56.04
-6658,-54.48
-6678,-55.72
-6698,-55.63
-6718,-55.2
-6738,-56.1
-6758,-56.05
-6779,-55.34
-6800,-55.79
-6819,-54.94
-6839,-56.5
-6861,-56.12
-6883,-55.43
-6902,-54.69
-6921,-55.4
-6941,-55.36
-6960,-55.36
-6980,-55.63
-6999,-54.45
-7018,-54.6
-7038,-55.99
-7057,-55.17
-7077,-55.44
-7096,-55.09
-7116,-55.59
-7135,-54.99
-7155,-54.99
-7176,-57.06
-7197,-56.4
-7217,-54.56
-7237,-55.92
-7256,-54.39
-7274,-53.96
-7292,-55.01
-7311,-55.49
-7331,-56.07
-7350,-54.54
-7369,-54.78
-7388,-54.95
-7407,-55.07
-7425,-54.64
-7443,-54.83
-7462,-54.26
-7479,
-7497,-54.02
-7514,-54.98
-7533,-56.52
-7553,-54.83
-7573,-55.61
-7591,-54.46
-7610,-55.25
-7628,-53.71
-7646,-54.6
-7664,-55.66
-7683,-54.58
-7701,-54.88
-7719,-53.39
-7736,-54.54
-7753,-54.49
-7771,-54.05
-7788,-54.57
-7805,-53.17
-7821,-53.88
-7838,-56.9
-7858,-54.63
-7878,-54.7
-7897,-56.07
-7916,-53.82
-7934,-55.11
-7951,-54.35
-7969,-55.15
-7988,-55.47
-8007,-54.15
-8025,-54.86
-8043,-55.25
-8061,-54.24
-8079,-54.18
-8096,-54.7
-8114,-54.21
-8132,-55.68
-8150,-54.48
-8167,-53.11
-8184,-54.07
-8201,-54.52
-8219,-54.97
-8236,-54.12
-8254,-54.7
-8272,-55.58
-8290,-55.88
-8309,-53.89
-8327,-54.57
-8345,-54.65
-8363,-54.38
-8381,-56.26
-8399,-54.24
-8418,-55.77
-8437,-54.97
-8456,-55.21
-8475,-56.03
-8494,-54.19
-8512,-53.97
-8528,-53.34
-8544,-54.09
-8561,-54.52
-8577,-52.38
-8593,-55.73
-8611,-54.62
-8630,-55.05
-8649,-55.38
-8667,-55.14
-8686,-55.01
-8704,-54.77
-8722,-53.64
-8740,-55.27
-8758,-55.34
-8776,-55.51
-8796,-55.58
-8815,-55.46
-8834,-54.85
-8852,-54.72
-8870,-54.25
-8888,-55.01
-8906,-55.86
-8925,-55.3
-8944,-54.83
-8962,-54.22
-8980,-55.46
-8999,-56.31
-9018,-55.16
-9038,-54.62
-9056,-54.77
-9073,-54.2
-9091,-54.58
-9110,-55.95
-9128,-55.64
-9147,-54.97
-9166,-55.91
-9186,-56.12
-9206,-55.43
-9225,-54.13
-9242,-53.97
-9259,-54.32
-9277,-54.79
-9295,-56.65
-9314,-55.11
-9333,-54.82
-9352,-55.45
-9368,-53.21
-9385,-53.39
-9403,-56.27
-9422,-55.28
-9441,-56.09
-9460,-55.27
-9480,-54.87
-9498,-54.08
-9515,-54.36
-9532,-53.71
-9549,-54.22
-9566,-55.23
-9584,-55.83
-9604,-55.42
-9623,-55.66
-9642,-55.65
-9662,-54.69
-9680,-55.55
-9699,-54.49
-9717,-55.56
-9735,-54.43
-9753,-55.79
-9772,-55.0
-9791,-55.38
-9810,-54.43
-9828,-55.8
-9848,-56.98
-9869,-56.35
-9891,-56.59
-9912,-56.36
-9933,-56.61
-9955,-56.34
-9976,-57.28
-9999,-57.14
-10022,-56.19
-10043,-56.49
-10064,-56.46
-10086,-57.52
-10109,-57.07
-10132,-57.41
-10155,-58.94
-10180,-57.53
-10206,-57.47
-10230,-58.31
-10254,-57.13
-10277,-56.62
-10299,-58.11
-10323,-56.73
-10347,-58.730000000000004
-10373,-58.9
-10399,-57.99
-10425,-59.41
-10451,-57.67
-10477,-57.26
-10502,-58.6
-10527,-58.64
-10553,-58.36
-10580,-60.0
-10609,-59.41
-10638,-59.67
-10667,-59.15
-10695,-59.65
-10723,-58.38
-10750,-58.85
-10777,-58.69
-10804,-59.78
-10834,-60.03
-10862,-58.6
-10890,-59.24
-10917,-58.06
-10944,-58.91
-10971,-59.32
-10999,-59.54
-11028,-59.08
-11055,-58.35
-11082,-58.55
-11108,-59.11
-11136,-59.67
-11165,-59.2
-11193,-58.769999999999996
-11220,-57.97
-11245,-58.44
-11271,-59.1
-11298,-58.1
-11324,-58.07
-11350,-58.62
-11376,-58.78
-11403,-59.81
-11433,-59.56
-11462,-58.99
-11490,-59.42
-11517,-58.47
-11544,-57.26
-11569,-58.96
-11595,-58.38
-11622,-59.33
-11650,-59.480000000000004
-11679,-59.56
-11708,-59.53
-11736,-58.68
-11764,-59.28
-11792,-58.93
-11820,-57.56
-11846,-59.57
-11872,-57.65
-11898,-59.1
-11925,-59.18
-11953,-58.730000000000004
-11979,-57.99
-12005,-57.32
-12028,-57.14
-12052,-57.74
-12077,-58.48
-12103,-58.55
-12130,-58.980000000000004
-12156,-57.77
-12181,-57.21
-12205,-57.5
-12229,-57.93
-12254,-58.64
-12279,-55.52
-12301,-56.43
-12322,-56.66
-12344,-57.19
-12367,-57.0
-12390,-57.46
-12414,-57.02
-12440,-59.82
-12467,-58.28
-12491,-57.21
-12516,-58.67
-12543,-58.67
-12570,-58.05
-12596,-59.09
-12623,-58.7
-12651,-59.92
-12680,-59.44
-12709,-58.72
-12737,-59.53
-12765,-58.94
-12793,-58.12
-12820,-58.54
-12846,-58.79
-12873,-58.12
-12899,-58.519999999999996
-12926,-58.75
-12954,-60.019999999999996
-12983,-56.8
-13008,-59.04
-13034,-59.6
-13063,-59.59
-13092,-58.55
-13119,-58.67
-13147,-59.0
-13174,-58.86
-13202,-59.26
-13231,-59.66
-13261,-60.22
-13292,-59.97
-13323,-60.16
-13354,-60.01
-13385,-60.24
-13416,-60.2
-13447,-59.25
-13477,-59.61
-13506,-59.85
-13537,-60.51
-13568,-59.69
-13599,-60.87
-13631,-59.3
-13662,-59.89
-13691,-59.75
-13722,-60.11
-13753,-59.82
-13783,-60.12
-13815,-60.32
-13847,-60.68
-13879,-59.89
-13911,-61.16
-13944,-60.41
-13977,-60.46
-14009,-60.96
-14043,-61.4
-14078,-61.26
-14113,-60.44
-14146,-60.6
-14178,-60.57
-14211,-60.72
-14245,-61.91
-14280,-60.94
-14315,-60.62
-14349,-61.26
-14383,-61.29
-14418,-61.25
-14454,-61.36
-14490,-62.65
-14528,-61.55
-14565,-61.94
-14602,-61.65
-14639,-61.32
-14676,-63.33
-14715,-61.87
-14755,-62.71
-14794,-62.61
-14834,-62.730000000000004
-14875,-63.5
-14917,-62.24
-14957,-62.3
-14996,-62.88
-15036,-61.88
-15074,-63.16
-15116,-61.9
-15155,-63.87
-15198,-63.0
-15240,-62.9
-15282,-63.61
-15325,-62.89
-15367,-63.58
-15411,-64.03999999999999
-15457,-63.97
-15502,-63.97
-15548,-64.2
-15595,-62.63
-15636,-63.47
-15680,-64.24
-15725,-63.4
-15769,-63.37
-15814,-64.03999999999999
-15859,-64.32
-15906,-64.14
-15953,-63.71
-15998,-63.75
-16043,-63.44
-16087,-63.68
-16132,-63.95
-16178,-63.91
-16223,-63.86
-16269,-64.01
-16315,-63.9
-16361,-64.85
-16411,-63.17
-16454,-63.76
-16499,-63.06
-16543,-64.42
-16589,-63.71
-16635,-64.11
-16682,-63.86
-16727,-63.519999999999996
-16773,-64.19
-16819,-63.34
-16865,-64.62
-16912,-63.84
-16957,-62.94
-17002,-64.93
-17051,-64.39
-17098,-63.019999999999996
-17143,-64.03999999999999
-17189,-63.84
-17234,-62.31
-17275,-64.05
-17321,-63.41
-17367,-64.46000000000001
-17414,-63.66
-17461,-64.25
-17508,-64.12
-17556,-64.69
-17605,-63.87
-17652,-64.69
-17702,-64.43
-17750,-63.44
-17795,-63.34
-17839,-63.03
-17883,-64.01
-17930,-64.93
-17980,-64.31
-18029,-63.9
-18075,-63.54
-18121,-63.96
-18167,-63.21
-18213,-64.28999999999999
-18260,-63.72
-18307,-64.03
-18354,-64.19
-18402,-64.22
-18451,-64.68
-18500,-63.42
-18545,-63.33
-18590,-63.81
-18637,-63.99
-18684,-64.15
-18732,-64.14
-18780,-63.53
-18826,-63.86
-18873,-63.91
-18920,-63.97
-18967,-63.89
-19015,-64.64
-19064,-63.75
-19112,-64.02
-19159,-63.24
-19204,-63.56
-19251,-64.52
-19300,-64.53999999999999
-19349,-63.7
-19396,-63.09
-19440,-62.42
-19484,-64.6
-19532,-64.21000000000001
-19580,-63.4
-19627,-64.14
-19675,-64.62
-19725,-64.07
-19774,-63.46
-19820,-63.22
-19864,-62.97
-19909,-63.92
-19956,-63.64
-20003,-64.1
-20051,-63.95
-20099,-64.32
-20149,-64.48
-20199,-64.17
-20248,-63.31
-20294,-64.53999999999999
-20345,-64.41
-20395,-62.86
-20439,-63.64
-20485,-63.91
-20533,-63.24
-20579,-63.72
-20626,-64.42
-20675,-63.5
-20723,-64.48
-20773,-63.86
-20821,-64.12
-20870,-63.89
-20919,-64.23
-20968,-64.05
-21017,-63.61
-21063,-62.93
-21109,-63.34
-21154,-62.730000000000004
-21198,-63.49
-21244,-63.69
-21291,-63.29
-21338,-64.75
-21389,-63.86
-21438,-63.45
-21485,-63.78
-21533,-63.19
-21578,-63.38
-21625,-63.55
-21672,-63.14
-21717,-63.45
-21764,-63.79
-21812,-63.86
-21861,-64.89
-21914,-64.45
-21965,-64.12
-22015,-64.02
-22065,-65.08
-22119,-64.18
-22169,-63.9
-22218,-63.55
-22265,-63.5
-22313,-64.26
-22363,-63.83
-22412,-64.57
-22464,-64.6
-22516,-62.480000000000004
-22560,-63.49
-22608,-64.4
-22659,-64.71000000000001
-22712,-64.56
-22764,-64.46000000000001
-22816,-64.39
-22867,-64.03999999999999
-22917,-64.34
-22969,-63.89
-23018,-64.33
-23070,-64.45
-23122,-64.33
-23173,-63.85
-23222,-63.85
-23272,-64.71000000000001
-23325,-64.98
-23380,-64.82
-23433,-64.03999999999999
-23485,-64.37
-23536,-64.34
-23588,-64.17
-23639,-64.03999999999999
-23689,-63.8
-23740,-64.69
-23792,-64.52
-23845,-64.03
-23897,-64.97
-23949,-63.43
-23999,-64.11
-24050,-64.7
-24103,-63.480000000000004
-24152,-64.35
-24204,-64.46000000000001
-24256,-63.67
-24306,-64.9
-24361,-64.46000000000001
-24413,-63.519999999999996
-24462,-64.44
-24515,-63.84
-24565,-64.09
-24616,-64.46000000000001
-24669,-64.69
-24723,-64.61
-24776,-63.55
-24827,-63.980000000000004
-24877,-64.22
-24929,-64.63
-24983,-64.09
-25035,-64.25
-25087,-64.2
-25139,-64.43
-25191,-63.72
-25242,-63.29
-25290,-62.78
-25337,-63.34
-25382,-61.41
-25427,-63.75
-25475,-63.53
-25524,-63.19
-25573,-65.01
-25627,-63.64
-25677,-62.36
-25723,-62.21
-25767,-63.11
-25814,-63.44
-25863,-63.9
-25914,-62.88
-25961,-63.31
-26010,-64.37
-26063,-64.72
-26117,-63.65
-26168,-63.92
-26220,-64.43
-26273,-63.92
-26325,-63.21
-26373,-63.39
-26422,-62.7
-26468,-62.34
-26514,-63.19
-26561,-63.11
-26610,-63.09
-26658,-63.37
-26707,-63.96
-26758,-63.64
-26809,-63.41
-26859,-63.769999999999996
-26909,-62.85
-26957,-63.38
-27005,-62.78
-27053,-63.22
-27101,-62.76
-27148,-62.6
-27195,-62.730000000000004
-27241,-61.89
-27285,-63.1
-27332,-62.05
-27377,-62.43
-27424,-63.92
-27474,-63.38
-27524,-62.92
-27572,-62.85
-27620,-62.92
-27667,-62.83
-27714,-62.32
-27760,-62.86
-27808,-63.4
-27858,-64.32
-27912,-63.94
-27964,-63.88
-28017,-64.35
-28070,-62.9
-28120,-64.53
-28174,-63.75
-28226,-63.69
-28277,-62.81
-28327,-64.44
-28379,-63.11
-28430,-63.56
-28481,-63.69
-28532,-63.69
-28584,-63.79
-28636,-63.38
-28686,-63.38
-28737,-63.37
-28787,-63.37
-28837,-63.37
-28887,-62.07
-28933,-63.19
-28982,-63.269999999999996
-29032,-63.019999999999996
-29081,-64.01
-29135,-64.43
-29190,-63.79
-29243,-63.97
-29297,-64.53999999999999
-29352,-63.92
-29405,-63.41
-29457,-63.57
-29508,-63.4
-29560,-64.37
-29614,-63.42
-29668,-64.86
-29723,-63.69
-29775,-62.0
-29822,-62.8
-29871,-63.38
-29920,-63.0
-29969,-61.57
-30014,-62.62
-30061,-61.4
-30105,-62.9
-30153,-63.14
-30203,-62.81
-30252,-63.31
-30302,-62.7
-30351,-62.88
-30399,-62.28
-30448,-63.519999999999996
-30497,-62.45
-30546,-62.59
-30595,-63.66
-30647,-64.27
-30702,-63.96
-30756,-63.81
-30810,-64.38
-30865,-63.74
-30919,-63.09
-30970,-63.75
-31022,-63.24
-31073,-62.68
-31122,-62.53
-31170,-62.43
-31217,-62.03
-31264,-62.56
-31312,-62.26
-31359,-61.980000000000004
-31405,-62.8
-31454,-62.56
-31502,-62.97
-31552,-62.64
-31601,-62.62
-31649,-62.22
-31698,-63.82
-31749,-62.6
-31799,-63.269999999999996
-31851,-64.03
-31905,-64.03
-31960,-64.03
-32016,-64.02
-32071,-64.02
-32126,-63.66
-32180,-63.03
-32230,-63.62
-32284,-63.47
-32337,-64.08
-32392,-63.58
-32445,-62.69
-32495,-62.53
-32543,-63.05
-32594,-61.89
-32641,-62.84
-32690,-62.25
-32738,-62.18
-32786,-62.980000000000004
-32834,-61.85
-32881,-61.9
-32929,-62.87
-32977,-62.54
-33026,-62.19
-33073,-61.53
-33119,-62.19
-33166,-62.91
-33216,-62.22
-33264,-61.59
-33310,-62.019999999999996
-33357,-62.68
-33406,-62.74
-33455,-62.56
-33503,-61.31
-33550,-63.019999999999996
-33600,-63.17
-33651,-62.31
-33700,-62.11
-33747,-62.39
-33796,-63.18
-33848,-62.68
-33898,-63.74
-33952,-62.47
-34002,-62.519999999999996
-34051,-62.58
-34100,-62.55
-34150,-63.57
-34203,-63.19
-34256,-63.04
-34307,-62.82
-34358,-62.34
-34407,-62.34
-34456,-62.59
-34505,-62.7
-34555,-62.55
-34604,-62.269999999999996
-34654,-62.94
-34704,-62.58
-34754,-62.45
-34804,-63.16
-34856,-63.34
-34909,-63.04
-34961,-62.67
-35010,-61.5
-35057,-61.13
-35101,-62.41
-35150,-62.38
-35199,-62.39
-35247,-61.12
-35293,-62.29
-35340,-61.34
-35387,-62.41
-35434,-61.34
-35480,-62.64
-35529,-61.35
-35575,-61.68
-35620,-60.54
-35663,-60.68
-35705,-60.769999999999996
-35747,-59.64
-35787,-60.91
-35829,-59.72
-35868,-59.16
-35907,-60.66
-35948,-61.67
-35995,-61.730000000000004
-36042,-62.36
-36088,-60.480000000000004
-36131,-60.0
-36174,-61.63
-36218,-61.75
-36265,-62.13
-36313,-60.33
-36356,-61.78
-36400,-60.79
-36444,-61.07
-36489,-61.53
-36534,-61.12
-36578,-60.89
-36622,-60.91
-36665,-60.84
-36709,-61.32
-36754,-61.68
-36800,-62.03
-36848,-60.65
-36891,-61.39
-36936,-61.09
-36980,-60.96
-37026,-62.28
-37072,-61.37
-37118,-60.45
-37161,-62.55
-37211,-62.230000000000004
-37260,-62.7
-37311,-62.55
-37361,-62.47
-37412,-62.7
-37462,-62.47
-37513,-62.53
-37564,-63.519999999999996
-37619,-63.7
-37674,-63.6
-37729,-62.68
-37782,-63.74
-37837,-62.33
-37887,-62.980000000000004
-37939,-62.24
-37989,-62.62
-38039,-61.7
-38088,-62.75
-38138,-62.24
-38188,-62.09
-38238,-63.13
-38290,-63.03
-38343,-62.91
-38394,-61.69
-38443,-62.04
-38491,-61.76
-38540,-63.04
-38592,-63.39
-38646,-63.22
-38701,-63.2
-38755,-63.32
-38809,-62.92
-38862,-62.64
-38915,-63.89
-38969,-62.65
-39022,-62.519999999999996
-39073,-62.269999999999996
-39123,-62.07
-39173,-63.08
-39224,-61.81
-39272,-60.95
-39318,-62.05
-39366,-62.08
-39415,-62.33
-39465,-63.07
-39519,-61.16
-39565,-63.33
-39619,-62.29
-39670,-63.230000000000004
-39723,-62.45
-39774,-62.72
-39827,-63.47
-39882,-62.86
-39935,-63.3
-39990,-63.24
-40044,-63.25
-40099,-63.56
-40155,-63.54
-40211,-62.72
-40264,-63.39
-40318,-62.019999999999996
-40369,-62.68
-40420,-62.86
-40472,-62.04
-40522,-62.05
-40572,-62.269999999999996
-40622,-62.96
-40674,-61.62
-40723,-63.019999999999996
-40776,-62.11
-40826,-62.44
-40877,-61.91
-40926,-61.25
-40972,-61.57
-41019,-61.519999999999996
-41066,-61.7
-41113,-61.12
-41160,-61.33
-41206,-62.01
-41254,-61.33
-41302,-62.53
-41353,-62.43
-41404,-60.97
-41449,-61.43
-41496,-61.86
-41545,-62.4
-41596,-62.56
-41647,-61.87
-41696,-62.07
-41746,-62.31
-41796,-61.72
-41846,-62.92
-41898,-63.18
-41952,-62.519999999999996
-42003,-62.44
-42054,-63.24
-42108,-63.16
-42162,-62.81
-42215,-63.32
-42270,-63.269999999999996
-42326,-62.94
-42379,-62.54
-42431,-61.54
-42481,-62.13
-42531,-63.230000000000004
-42584,-62.8
-42638,-62.96
-42690,-62.4
-42742,-62.07
-42792,-62.42
-42843,-62.3
-42894,-62.28
-42945,-62.07
-42995,-62.15
-43046,-62.25
-43096,-61.67
-43145,-61.62
-43192,-61.12
-43239,-61.54
-43286,-61.5
-43334,-61.42
-43381,-61.09
-43427,-61.29
-43473,-61.01
-43519,-61.47
-43566,-61.4
-43612,-59.769999999999996
-43656,-61.55
-43701,-60.69
-43746,-61.19
-43792,-59.94
-43834,-60.51
-43877,-59.85
-43919,-60.78
-43962,-58.75
-44000,-59.64
-44041,-60.53
-44085,-61.36
-44130,-60.3
-44173,-59.74
-44215,-60.88
-44259,-60.81
-44303,-60.62
-44347,-60.68
-44391,-60.2
-44434,-60.22
-44476,-59.35
-44515,-59.07
-44553,-58.53
-44591,-60.14
-44633,-60.01
-44674,-59.55
-44715,-60.18
-44756,-59.75
-44798,-61.08
-44843,-60.99
-44889,-61.36
-44935,-60.38
-44980,-60.94
-45024,-60.94
-45069,-60.67
-45114,-61.25
-45161,-61.3
-45207,-60.74
-45252,-60.94
-45296,-59.47
-45339,-61.17
-45383,-61.14
-45430,-61.65
-45477,-61.09
-45524,-61.47
-45571,-61.230000000000004
-45618,-61.5
-45666,-61.7
-45713,-60.74
-45759,-60.769999999999996
-45805,-61.63
-45853,-62.16
-45902,-61.15
-45950,-61.75
-45999,-63.44
-46054,-62.42
-46107,-62.519999999999996
-46160,-63.05
-46214,-62.44
-46267,-61.81
-46317,-62.49
-46368,-61.3
-46416,-61.13
-46463,-61.3
-46510,-61.81
-46560,-61.5
-46608,-63.01
-46663,-62.06
-46713,-61.43
-46761,-62.82
-46815,-62.67
-46868,-61.58
-46917,-61.51
-46965,-61.04
-47012,-62.07
-47062,-62.17
-47113,-62.09
-47164,-62.67
-47216,-61.78
-47267,-62.55
-47319,-62.14
-47371,-62.89
-47424,-61.86
-47475,-62.46
-47527,-61.66
-47576,-61.25
-47624,-62.04
-47674,-61.95
-47723,-60.6
-47770,-62.2
-47820,-62.17
-47870,-60.8
-47918,-62.17
-47968,-61.99
-48019,-62.68
-48071,-61.56
-48120,-61.14
-48168,-61.46
-48215,-61.0
-48262,-61.519999999999996
-48310,-62.03
-48361,-62.0
-48411,-61.56
-48460,-61.55
-48508,-60.14
-48553,-61.67
-48601,-61.93
-48651,-62.61
-48702,-60.75
-48750,-61.519999999999996
-48798,-61.980000000000004
-48847,-61.09
-48896,-62.0
-48945,-61.87
-48995,-61.19
-49043,-61.21
-49090,-62.34
-49142,-61.88
-49192,-61.88
-49242,-61.72
-49292,-61.45
-49340,-61.519999999999996
-49389,-61.269999999999996
-49436,-61.71
-49485,-61.11
-49532,-60.92
-49578,-60.480000000000004
-49624,-61.91
-49672,-61.07
-49720,-61.85
-49768,-60.61
-49815,-61.14
-49861,-59.99
-49904,-61.31
-49951,-60.76
-49996,-60.47
-50039,-59.12
-50082,-60.86
-50124,-59.74
-50167,-60.730000000000004
-50212,-61.769999999999996
-50261,-60.82
-50308,-61.36
-50355,-60.82
-50401,-61.25
-50448,-60.57
-50493,-60.16
-50537,-61.54
-50584,-60.47
-50629,-60.85
-50674,-59.78
-50717,-61.22
-50763,-60.61
-50807,-59.11
-50849,-60.61
-50892,-60.68
-50937,-61.12
-50984,-61.32
-51032,-60.83
-51076,-58.75
-51117,-60.25
-51159,-60.68
-51203,-59.58
-51244,-59.91
-51286,-59.53
-51327,-59.68
-51368,-59.45
-51408,-59.42
-51449,-59.49
-51489,-59.79
-51532,-60.68
-51576,-60.8
-51621,-60.58
-51667,-61.69
-51715,-61.37
-51763,-61.16
-51810,-60.04
-51853,-60.75
-51898,-60.04
-51942,-61.019999999999996
-51987,-60.75
-52033,-61.17
-52080,-61.0
-52127,-61.480000000000004
-52174,-60.16
-52218,-60.46
-52263,-60.33
-52306,-59.92
-52350,-61.54
-52397,-61.4
-52445,-61.36
-52494,-61.9
-52544,-61.9
-52594,-61.29
-52643,-62.12
-52694,-62.4
-52746,-61.87
-52798,-61.89
-52847,-60.44
-52893,-61.1
-52939,-61.26
-52987,-60.64
-53032,-60.29
-53076,-61.43
-53124,-61.32
-53171,-60.54
-53218,-61.55
-53265,-61.35
-53313,-60.84
-53360,-61.09
-53408,-62.31
-53458,-61.29
-53507,-61.269999999999996
-53555,-61.31
-53603,-61.69
-53653,-61.87
-53703,-62.41
-53757,-62.83
-53811,-61.82
-53862,-61.85
-53913,-62.63
-53967,-62.88
-54021,-61.25
-54072,-63.17
-54126,-61.87
-54178,-61.79
-54227,-61.019999999999996
-54275,-61.38
-54325,-62.58
-54376,-61.13
-54425,-61.5
-54474,-61.6
-54523,-61.71
-54573,-61.14
-54620,-60.96
-54668,-62.11
-54718,-61.019999999999996
-54766,-61.68
-54816,-60.86
-54862,-60.63
-54907,-61.06
-54953,-59.82
-54998,-61.33
-55043,-60.75
-55090,-60.87
-55135,-60.22
-55179,-59.7
-55221,-60.49
-55265,-59.47
-55307,-60.2
-55350,-60.08
-55395,-62.29
-55444,-61.16
-55492,-60.47
-55537,-60.25
-55581,-60.93
-55628,-61.11
-55675,-60.33
-55719,-59.730000000000004
-55762,-61.45
-55810,-61.66
-55859,-61.32
-55907,-60.730000000000004
-55953,-60.7
-55998,-60.47
-56043,-60.6
-56088,-59.75
-56130,-61.07
-56176,-59.78
-56220,-60.480000000000004
-56262,-58.92
-56304,-60.53
-56346,-59.53
-56388,-59.42
-56429,-60.36
-56472,-60.16
-56516,-60.92
-56560,-59.33
-56602,-59.1
-56641,-59.69
-56683,-59.94
-56725,-60.14
-56767,-59.39
-56809,-60.43
-56853,-60.3
-56897,-60.58
-56942,-60.28
-56986,-60.4
-57030,-60.3
-57074,-60.21
-57117,-59.91
-57160,-59.86
-57202,-61.58
-57251,-59.03
-57291,-60.66
-57336,-60.76
-57382,-61.8
-57430,-60.6
-57475,-59.32
-57518,-60.78
-57563,-61.05
-57610,-60.69
-57655,-60.35
-57700,-61.65
-57749,-61.4
-57797,-59.82
-57841,-60.4
-57884,-60.42
-57929,-60.22
-57974,-61.769999999999996
-58022,-60.85
-58069,-61.28
-58117,-61.17
-58165,-61.75
-58215,-61.83
-58266,-61.42
-58315,-61.16
-58363,-61.980000000000004
-58414,-61.47
-58463,-60.75
-58509,-61.75
-58559,-61.230000000000004
-58607,-60.57
-58652,-60.29
-58698,-61.72
-58747,-61.41
-58796,-61.74
-58846,-62.019999999999996
-58897,-61.18
-58946,-60.95
-58993,-61.63
-59043,-62.269999999999996
-59094,-60.93
-59143,-61.63
-59192,-61.36
-59241,-61.59
-59291,-61.82
-59342,-61.89
-59392,-61.51
-59444,-62.61
-59497,-62.1
-59549,-61.46
-59599,-61.94
-59651,-62.269999999999996
-59703,-62.019999999999996
-59755,-61.76
-59807,-62.12
-59859,-62.269999999999996
-59912,-62.87
-59968,-62.72
-60024,-63.44
-60083,-62.67
-60139,-62.44
-60193,-62.55
-60248,-62.69
-60304,-63.1
-60361,-63.36
-60420,-63.07
-60477,-61.75
-60529,-63.41
-60588,-63.39
-60648,-63.35
-60707,-63.03
-60764,-62.74
-60821,-63.67
-60882,-63.97
-60944,-63.1
-61002,-62.91
-61062,-64.69
-61129,-63.769999999999996
-61191,-63.72
-61252,-63.91
-61315,-63.45
-61375,-63.8
-61437,-63.55
-61498,-63.33
-61557,-62.99
-61613,-61.18
-61665,-61.32
-61715,-62.84
-61769,-61.13
-61820,-63.37
-61878,-62.38
-61933,-62.36
-61987,-61.62
-62039,-61.95
-62092,-63.03
-62150,-63.58
-62209,-62.88
-62268,-63.28
-62327,-63.82
-62389,-63.21
-62448,-62.74
-62506,-63.32
-62566,-63.61
-62627,-62.9
-62685,-63.74
-62746,-62.8
-62805,-63.84
-62867,-63.51
-62928,-63.32
-62989,-63.39
-63048,-62.22
-63103,-62.22
-63160,-64.27
-63223,-62.86
-63282,-63.53
-63343,-63.17
-63403,-63.64
-63465,-63.92
-63528,-63.29
-63589,-64.06
-63652,-62.96
-63713,-63.5
-63774,-63.86
-63837,-64.09
-63902,-63.28
-63963,-63.79
-64026,-64.08
-64091,-63.980000000000004
-64156,-63.67
-64220,-64.31
-64286,-63.7
-64349,-63.61
-64411,-63.33
-64473,-63.54
-64534,-62.35
-64591,-64.21000000000001
-64655,-63.17
-64717,-62.96
-64776,-63.71
-64839,-63.730000000000004
-64902,-63.0
-64963,-63.51
-65025,-64.11
-65090,-63.32
-65153,-63.89
-65217,-63.76
-65281,-63.94
-65346,-63.36
-65408,-63.4
-65470,-63.9
-65534,-63.28
-65595,-62.31
-65653,-63.61
-65715,-63.62
-65779,-63.82
-65842,-61.62
-65897,-63.37
-65958,-63.1
-66018,-62.769999999999996
-66078,-63.56
-66141,-64.13
-66208,-64.01
-66274,-63.81
-66339,-62.29
-66395,-62.54
-66453,-62.42
-66510,-62.09
-66566,-62.65
-66623,-62.269999999999996
-66681,-63.1
-66741,-62.64
-66801,-63.92
-66865,-63.46
-66929,-63.42
-66992,-64.21000000000001
-67059,-63.35
-67124,-64.17
-67190,-63.25
-67253,-63.72
-67318,-63.49
-67382,-63.39
-67444,-61.76
-67500,-62.99
-67560,-63.3
-67622,-62.84
-67682,-61.41
-67735,-62.08
-67791,-61.769999999999996
-67846,-62.44
-67904,-62.57
-67962,-61.99
-68019,-62.19
-68075,-61.84
-68130,-62.22
-68187,-61.29
-68239,-61.16
-68291,-62.05
-68346,-60.78
-68397,-61.19
-68448,-61.11
-68499,-60.91
-68549,-59.7
-68595,-60.54
-68644,-60.11
-68690,-60.13
-68737,-59.55
-68782,-60.0
-68828,-60.03
-68875,-60.480000000000004
-68923,-59.91
-68972,-62.22
-69026,-61.769999999999996
-69080,-59.75
-69128,-61.59
-69180,-60.91
-69231,-60.71
-69281,-60.51
-69330,-60.54
-69380,-61.55
-69433,-61.69
-69488,-61.28
-69540,-61.38
-69593,-60.35
-69642,-61.21
-69694,-61.34
-69747,-61.15
-69800,-61.5
-69853,-61.4
-69906,-61.1
-69959,-61.59
-70013,-61.78
-70068,-61.44
-70124,-62.55
-70182,-61.55
-70237,-62.09
-70294,-61.8
-70350,-62.74
-70412,-63.39
-70476,-62.4
-70536,-62.64
-70596,-62.82
-70658,-62.69
-70718,-62.16
-70777,-62.1
-70835,-62.13
-70892,-61.92
-70949,-61.67
-71005,-62.16
-71061,-61.08
-71116,-61.39
-71169,-61.01
-71222,-60.95
-71275,-62.05
-71330,-60.66
-71382,-61.6
-71437,-60.95
-71489,-61.89
-71545,-60.03
-71594,-61.41
-71648,-60.730000000000004
-71699,-60.730000000000004
-71750,-60.61
-71801,-61.12
-71853,-60.54
-71904,-60.47
-71952,-58.71
-71997,-59.89
-72044,-60.019999999999996
-72091,-60.06
-72139,-59.33
-72185,-60.2
-72232,-59.01
-72277,-59.56
-72323,-60.36
-72371,-59.42
-72418,-59.65
-72464,-59.47
-72509,-58.97
-72552,-58.02
-72593,-59.14
-72637,-58.58
-72679,-58.94
-72723,-60.09
-72770,-59.79
-72818,-59.76
-72865,-60.22
-72913,-59.84
-72962,-60.61
-73011,-59.69
-73061,-61.17
-73112,-60.72
-73164,-60.36
-73214,-60.32
-73264,-60.480000000000004
-73315,-60.6
-73366,-60.49
-73417,-61.12
-73470,-61.17
-73524,-60.72
-73577,-61.46
-73631,-61.019999999999996
-73685,-61.91
-73743,-61.28
-73798,-62.1
-73857,-62.44
-73918,-61.93
-73976,-61.269999999999996
-74032,-61.49
-74087,-60.88
-74140,-60.81
-74193,-62.01
-74251,-61.41
-74308,-61.25
-74362,-60.6
-74415,-60.78
-74469,-62.59
-74527,-60.49
-74581,-61.480000000000004
-74636,-60.6
-74688,-60.88
-74742,-61.68
-74799,-61.45
-74855,-61.15
-74910,-61.39
-74965,-60.71
-75018,-60.56
-75070,-60.53
-75122,-60.62
-75175,-61.28
-75228,-59.66
-75278,-60.88
-75330,-60.269999999999996
-75381,-60.16
-75432,-60.81
-75485,-61.58
-75542,-60.93
-75596,-60.96
-75650,-61.54
-75707,-61.55
-75764,-61.31
-75820,-60.88
-75875,-61.19
-75930,-60.94
-75984,-61.1
-76039,-60.44
-76091,-60.7
-76144,-61.13
-76198,-60.19
-76250,-60.25
-76302,-61.9
-76359,-61.14
-76414,-59.75
-76464,-60.11
-76515,-60.62
-76567,-60.63
-76619,-59.84
-76669,-60.17
-76720,-59.95
-76769,-59.42
-76817,-59.6
-76866,-60.82
-76918,-59.91
-76968,-60.14
-77019,-60.17
-77071,-61.65
-77126,-59.519999999999996
-77177,-60.56
-77228,-59.63
-77278,-60.769999999999996
-77329,-58.94
-77376,-59.38
-77423,-59.26
-77471,-60.09
-77520,-59.46
-77570,-60.79
-77620,-59.21
-77670,-60.49
-77719,-58.76
-77766,-58.56
-77812,-60.07
-77860,-59.63
-77909,-59.94
-77959,-60.269999999999996
-78010,-59.95
-78060,-59.36
-78108,-59.42
-78156,-59.4
-78203,-58.3
-78248,-60.46
-78299,-59.12
-78346,-59.89
-78395,-58.87
-78441,-59.41
-78489,-59.76
-78539,-59.51
-78587,-59.54
-78635,-59.36
-78683,-58.88
-78729,-59.16
-78776,-59.64
-78823,-58.99
-78870,-59.19
-78918,-60.019999999999996
-78967,-59.24
-79016,-60.0
-79066,-59.78
-79115,-59.22
-79164,-59.99
-79214,-60.13
-79264,-59.55
-79313,-59.15
-79360,-58.41
-79405,-58.85
-79450,-59.76
-79499,-59.71
-79548,-58.87
-79595,-58.87
-79641,-58.87
-79686,-59.3
-79733,-57.15
-79774,-58.64
-79816,-57.88
-79860,-58.71
-79904,-58.57
-79949,-58.43
-79993,-59.53
-80041,-58.76
-80087,-59.09
-80133,-58.21
-80178,-59.24
-80223,-58.35
-80268,-58.41
-80311,-57.47
-80352,-57.62
-80393,-58.13
-80435,-57.46
-80476,-58.09
-80519,-58.37
-80561,-57.54
-80604,-58.9
-80648,-58.09
-80691,-56.51
-80729,-58.29
-80771,-58.08
-80813,-57.27
-80854,-57.98
-80896,-58.24
-80939,-58.23
-80982,-57.64
-81024,-58.45
-81066,-56.99
-81107,-58.02
-81148,-56.98
-81187,-57.15
-81226,-57.26
-81265,-57.33
-81305,-56.97
-81344,-56.8
-81382,-58.18
-81424,-57.91
-81467,-58.06
-81510,-58.54
-81553,-57.34
-81594,-58.59
-81639,-58.13
-81682,-57.87
-81724,-58.21
-81766,-57.06
-81806,-57.01
-81846,-59.19
-81892,-57.89
-81935,-58.43
-81978,-57.94
-82020,-56.91
-82061,-58.58
-82103,-57.86
-82147,-58.67
-82191,-57.78
-82234,-59.39
-82281,-58.31
-82326,-58.75
-82372,-58.95
-82417,-57.96
-82461,-58.08
-82504,-58.8
-82549,-58.34
-82593,-58.57
-82638,-58.09
-82681,-57.8
-82724,-58.38
-82768,-58.82
-82815,-59.5
-82862,-58.74
-82908,-57.75
-82952,-59.85
-83001,-59.12
-83049,-58.82
-83095,-59.14
-83143,-59.37
-83192,-58.76
-83237,-57.14
-83279,-59.34
-83325,-59.17
-83373,-58.99
-83421,-59.14
-83469,-59.730000000000004
-83517,-58.5
-83565,-59.55
-83613,-59.47
-83663,-59.49
-83711,-58.99
-83760,-59.26
-83808,-59.93
-83859,-59.83
-83910,-59.769999999999996
-83961,-59.75
-84011,-59.07
-84060,-59.269999999999996
-84108,-59.519999999999996
-84157,-58.89
-84206,-60.36
-84258,-59.730000000000004
-84309,-59.8
-84360,-59.83
-84411,-59.480000000000004
-84462,-60.31
-84515,-60.18
-84569,-60.49
-84623,-60.75
-84679,-60.82
-84735,-59.25
-84785,-60.59
-84840,-60.29
-84894,-60.57
-84948,-59.82
-85001,-61.03
-85057,-60.17
-85113,-61.11
-85170,-61.67
-85232,-62.1
-85296,-62.03
-85359,-61.07
-85418,-59.99
-85473,-61.15
-85530,-61.49
-85591,-60.96
-85649,-61.34
-85707,-60.07
-85764,-61.94
-85823,-60.35
-85880,-61.47
-85940,-61.019999999999996
-85998,-60.54
-86054,-60.3
-86108,-60.25
-86164,-61.09
-86221,-61.019999999999996
-86279,-60.44
-86335,-61.38
-86395,-60.31
-86451,-60.92
-86509,-61.51
-86568,-60.19
-86624,-60.65
-86680,-60.769999999999996
-86737,-60.19
-86791,-59.76
-86844,-60.11
-86897,-59.6
-86949,-60.03
-87002,-59.6
-87055,-60.94
-87111,-60.79
-87168,-60.14
-87224,-60.59
-87280,-60.66
-87336,-59.17
-87386,-59.39
-87436,-59.62
-87488,-59.34
-87538,-59.55
-87589,-59.75
-87642,-60.730000000000004
-87699,-60.61
-87755,-59.26
-87806,-59.67
-87858,-59.72
-87910,-60.019999999999996
-87963,-59.2
-88013,-58.39
-88061,-59.51
-88111,-59.89
-88164,-59.96
-88218,-59.9
-88271,-59.96
-88323,-58.48
-88374,-60.87
-88429,-60.36
-88485,-59.82
-88538,-59.41
-88589,-61.269999999999996
-88650,-61.09
-88710,-60.88
-88768,-60.71
-88826,-60.42
-88883,-60.14
-88937,-59.38
-88988,-59.66
-89041,-60.17
-89096,-60.21
-89151,-59.66
-89205,-61.1
-89263,-60.26
-89320,-60.84
-89378,-60.37
-89434,-60.32
-89490,-61.230000000000004
-89549,-58.72
-89600,-59.45
-89651,-60.09
-89706,-60.54
-89763,-60.69
-89820,-59.769999999999996
-89875,-60.18
-89930,-60.11
-89985,-59.4
-90036,-59.8
-90090,-59.85
-90144,-59.83
-90198,-60.26
-90253,-60.35
-90310,-60.13
-90365,-59.769999999999996
-90417,-58.63
-90468,-59.69
-90520,-60.13
-90574,-59.37
-90627,-59.59
-90679,-58.71
-90729,-60.4
-90784,-59.19
-90835,-59.41
-90887,-59.38
-90939,-59.3
-90990,-59.87
-91045,-60.55
-91101,-59.1
-91153,-59.82
-91206,-59.66
-91260,-60.09
-91314,-58.88
-91365,-58.730000000000004
-91414,-59.07
-91464,-58.97
-91514,-59.28
-91567,-60.42
-91622,-59.55
-91675,-59.38
-91726,-58.03
-91775,-60.04
-91827,-59.230000000000004
-91879,-58.94
-91929,-59.28
-91981,-59.35
-92033,-59.17
-92084,-58.84
-92133,-58.89
-92183,-58.64
-92232,-58.72
-92281,-60.11
-92336,-58.49
-92385,-59.1
-92435,-59.91
-92490,-58.74
-92539,-59.43
-92592,-59.45
-92644,-59.55
-92698,-60.62
-92755,-59.18
-92807,-58.44
-92854,-57.23
-92898,-57.52
-92942,-58.67
-92991,-57.91
-93036,-58.13
-93083,-58.92
-93133,-58.64
-93182,-58.61
-93231,-59.32
-93283,-59.88
-93338,-59.44
-93391,-59.53
-93444,-59.83
-93498,-59.480000000000004
-93552,-59.42
-93605,-59.86
-93658,-59.04
-93711,-59.519999999999996
-93764,-59.76
-93817,-58.72
-93868,-59.46
-93921,-59.8
-93973,-57.73
-94022,-59.28
-94073,-60.36
-94129,-58.64
-94180,-59.3
-94231,-58.82
-94281,-58.23
-94329,-59.1
-94381,-59.730000000000004
-94435,-59.37
-94488,-58.19
-94535,-60.34
-94593,-59.65
-94647,-59.230000000000004
-94698,-58.32
-94748,-59.96
-94802,-58.79
-94854,-59.3
-94905,-58.74
-94956,-59.22
-95008,-59.2
-95061,-60.21
-95114,-58.06
-95165,-59.61
-95217,-58.72
-95268,-58.82
-95318,-58.72
-95368,-58.87
-95418,-58.67
-95469,-59.55
-95522,-59.33
-95574,-58.34
-95625,-59.96
-95679,-59.230000000000004
-95732,-59.36
-95785,-57.91
-95832,-58.7
-95882,-59.3
-95935,-59.63
-95989,-59.53
-96043,-59.28
-96095,-58.32
-96145,-58.96
-96195,-58.66
-96246,-59.94
-96300,-58.18
-96351,-59.85
-96405,-59.13
-96458,-59.09
-96509,-58.23
-96559,-59.14
-96609,-58.18
-96659,-59.32
-96712,-59.83
-96767,-59.65
-96822,-59.04
-96875,-59.8
-96929,-58.97
-96982,-60.16
-97039,-58.82
-97090,-59.2
-97143,-59.17
-97197,-60.37
-97255,-60.09
-97312,-59.66
-97367,-59.21
-97422,-59.78
-97477,-59.56
-97531,-59.2
-97585,-58.7
-97635,-59.71
-97691,-58.7
-97742,-58.67
-97792,-59.08
-97845,-59.03
-97898,-60.11
-97953,-58.8
-98007,-59.53
-98060,-58.82
-98112,-58.57
-98163,-59.38
-98216,-58.83
-98267,-58.39
-98318,-59.25
-98370,-58.980000000000004
-98423,-59.26
-98476,-58.29
-98526,-59.17
-98578,-58.519999999999996
-98629,-59.5
-98684,-59.07
-98737,-58.95
-98789,-58.8
-98840,-58.79
-98892,-58.42
-98942,-59.63
-98997,-59.42
-99052,-59.66
-99108,-59.4
-99162,-58.74
-99214,-58.87
-99266,-58.29
-99315,-58.04
-99364,-58.54
-99413,-57.29
-99460,-57.95
-99508,-59.01
-99559,-58.38
-99610,-59.34
-99663,-58.97
-99717,-59.19
-99770,-58.59
-99822,-59.14
-99875,-58.84
-99927,-58.84
-99979,-58.76
-100032,-59.519999999999996
-100087,-59.09
-100141,-58.91
-100193,-58.74
-100246,-59.4
-100302,-60.68
-100361,-59.24
-100417,-59.34
-100473,-59.63
-100529,-59.37
-100584,-59.269999999999996
-100639,-59.95
-100697,-58.82
-100751,-60.01
-100809,-60.08
-100868,-60.04
-100927,-59.74
-100985,-59.3
-101041,-60.45
-101102,-60.24
-101163,-60.72
-101225,-59.79
-101284,-61.47
-101351,-61.24
-101418,-60.76
-101482,-61.85
-101552,-61.480000000000004
-101620,-60.95
-101686,-61.79
-101755,-60.33
-101819,-61.39
-101886,-60.19
-101947,-60.75
-102010,-60.22
-102072,-60.17
-102133,-61.28
-102200,-60.66
-102262,-59.07
-102320,-60.14
-102380,-60.44
-102442,-59.980000000000004
-102502,-59.97
-102562,-59.79
-102621,-60.25
-102682,-59.75
-102741,-59.09
-102797,-59.4
-102854,-59.38
-102911,-59.14
-102967,-59.65
-103025,-59.480000000000004
-103082,-58.519999999999996
-103135,-59.35
-103193,-59.99
-103253,-60.1
-103313,-59.37
-103371,-59.29
-103429,-59.68
-103487,-59.39
-103545,-59.14
-103601,-59.25
-103658,-59.4
-103716,-59.66
-103775,-59.76
-103834,-59.63
-103893,-59.769999999999996
-103952,-58.04
-104005,-58.980000000000004
-104060,-59.32
-104116,-58.61
-104172,-59.01
-104227,-59.1
-104283,-58.44
-104337,-58.44
-104390,-58.66
-104444,-58.18
-104496,-58.44
-104549,-57.83
-104600,-58.09
-104651,-57.51
-104701,-58.22
-104753,-58.65
-104808,-59.67
-104867,-59.33
-104926,-59.13
-104983,-58.53
-105037,-59.32
-105095,-58.79
-105152,-59.5
-105211,-59.82
-105272,-59.56
-105333,-59.37
-105392,-60.33
-105456,-59.53
-105517,-60.019999999999996
-105579,-59.41
-105639,-60.08
-105703,-60.13
-105767,-60.04
-105831,-60.75
-105898,-60.730000000000004
-105967,-60.89
-106035,-60.96
-106105,-60.88
-106174,-61.019999999999996
-106245,-61.31
-106317,-61.39
-106390,-62.01
-106466,-60.86
-106537,-61.47
-106610,-61.03
-106682,-61.38
-106755,-60.86
-106826,-61.69
-106900,-60.93
-106972,-60.96
-107043,-62.24
-107121,-60.81
-107193,-60.31
-107260,-60.75
-107330,-60.58
-107398,-59.89
-107466,-61.54
-107539,-60.31
-107607,-60.12
-107673,-60.08
-107740,-60.11
-107806,-59.91
-107871,-59.51
-107935,-61.12
-108007,-60.17
-108074,-58.75
-108134,-59.85
-108201,-60.92
-108271,-60.12
-108340,-60.08
-108406,-58.97
-108468,-59.62
-108532,-59.769999999999996
-108597,-59.76
-108663,-60.07
-108731,-59.91
-108797,-59.28
-108861,-59.79
-108926,-59.3
-108990,-59.43
-109054,-59.95
-109121,-59.5
-109186,-59.46
-109250,-58.62
-109312,-60.230000000000004
-109380,-60.269999999999996
-109449,-59.19
-109514,-59.91
-109581,-59.69
-109647,-58.94
-109711,-59.93
-109778,-59.97
-109847,-59.75
-109914,-59.68
-109981,-59.33
-110047,-59.88
-110115,-60.12
-110185,-58.980000000000004
-110248,-59.1
-110313,-59.64
-110380,-60.13
-110449,-59.1
-110514,-58.65
-110576,-59.57
-110642,-58.519999999999996
-110703,-58.32
-110764,-58.86
-110827,-59.269999999999996
-110892,-59.14
-110957,-58.99
-111021,-58.59
-111083,-58.6
-111146,-59.58
-111211,-57.71
-111271,-58.14
-111331,-58.48
-111392,-58.03
-111452,-58.85
-111516,-59.12
-111581,-58.23
-111642,-57.92
-111702,-59.19
-111765,-57.76
-111825,-57.56
-111882,-57.32
-111938,-57.68
-111996,-57.53
-112053,-57.33
-112110,-57.37
-112165,-56.51
-112219,-57.64
-112276,-57.46
-112333,-57.58
-112391,-57.05
-112447,-56.52
-112502,-57.59
-112559,-57.81
-112618,-57.77
-112677,-57.19
-112734,-56.92
-112790,-56.13
-112841,-56.34
-112893,-56.99
-112949,-57.35
-113005,-56.67
-113060,-56.95
-113113,-55.46
-113165,-56.66
-113218,-56.42
-113272,-56.68
-113325,-55.71
-113377,-57.1
-113432,-56.62
-113486,-56.86
-113541,-56.73
-113596,-56.57
-113649,-56.12
-113701,-56.78
-113756,-57.1
-113812,-56.13
-113865,-55.92
-113917,-57.11
-113972,-56.21
-114025,-56.13
-114078,-57.06
-114134,-55.92
-114186,-56.23
-114239,-57.53
-114297,-56.05
-114350,-55.31
-114399,-55.71
-114449,-55.51
-114499,-55.74
-114549,-55.52
-114600,-56.1
-114652,-55.98
-114704,-55.69
-114754,-55.06
-114803,-55.82
-114854,-56.21
-114905,-54.8
-114954,-55.29
-115002,-54.93
-115051,-55.49
-115101,-56.06
-115151,-54.46
-115199,-55.06
-115246,-55.0
-115294,-55.06
-115342,-54.82
-115390,-54.16
-115434,-55.2
-115483,-55.26
-115532,-54.7
-115579,-54.89
-115627,-54.87
-115674,-54.11
-115719,-55.0
-115767,-55.01
-115814,-54.1
-115860,-54.91
-115907,-54.41
-115954,-55.37
-116003,-55.15
-116050,-53.12
-116093,-53.77
-116136,-53.36
-116178,-54.45
-116225,-55.4
-116273,-54.28
-116320,-54.82
-116368,-55.2
-116416,-54.07
-116462,-54.0
-116506,-53.8
-116551,-54.99
-116598,-54.34
-116645,-54.59
-116692,-54.85
-116740,-54.57
-116787,-53.75
-116831,-54.69
-116878,-54.21
-116924,-54.09
-116968,-53.17
-117012,-54.34
-117055,-52.9
-117097,-53.94
-117141,-53.89
-117186,-54.18
-117231,-54.31
-117277,-53.78
-117322,-54.22
-117367,-54.2
-117412,-53.63
-117457,-54.83
-117504,-54.38
-117550,-53.21
-117593,-53.83
-117637,-53.13
-117680,-54.22
-117724,-53.61
-117768,-53.25
-117809,-52.39
-117850,-53.74
-117893,-53.84
-117938,-53.37
-117981,-54.03
-118026,-54.39
-118072,-53.66
-118116,-53.37
-118160,-53.91
-118203,-52.52
-118244,-53.91
-118289,-52.6
-118329,-52.96
-118370,-53.25
-118412,-53.03
-118454,-53.71
-118497,-53.36
-118540,-53.12
-118582,-53.51
-118626,-53.79
-118670,-53.54
-118713,-53.22
-118756,-53.48
-118799,-53.38
-118842,-52.65
-118883,-53.19
-118925,-52.91
-118966,-53.08
-119008,-52.92
-119049,-52.63
-119089,-52.0
-119128,-53.35
-119170,-53.42
-119212,-52.01
-119252,-53.28
-119294,-53.11
-119336,-53.12
-119378,-52.95
-119420,-53.13
-119462,-52.95
-119502,-52.17
-119542,-52.63
-119582,-51.62
-119620,-52.82
-119660,-53.52
-119702,-52.27
-119742,-52.14
-119781,-52.83
-119822,-52.98
-119864,-52.81
-119904,-52.36
-119945,-53.04
-119986,-54.03
-120032,-53.26
-120075,-53.0
-120117,-53.41
-120160,-52.79
-120202,-53.27
-120244,-52.7
-120287,-52.44
-120326,-52.19
-120366,-52.78
-120405,-51.79
-120444,-52.32
-120485,-53.22
-120527,-52.84
-120569,-52.51
-120609,-52.77
-120650,-52.72
-120691,-52.44
-120731,-52.29
-120770,-52.44
-120810,-52.85
-120851,-51.97
-120889,-51.79
-120927,-52.16
-120967,-53.43
-121008,-52.06
-121048,-52.41
-121088,-52.36
-121127,-52.85
-121168,-52.18
-121209,-53.98
-121252,-52.05
-121292,-52.13
-121331,-52.76
-121372,-53.21
-121413,-51.95
-121454,-53.41
-121496,-52.3
-121536,-53.02
-121577,-51.49
-121616,-53.02
-121657,-53.2
-121698,-52.11
-121738,-51.77
-121776,-52.2
-121814,-52.18
-121854,-52.98
-121895,-51.38
-121932,-52.19
-121971,-52.46
-122010,-52.03
-122050,-52.88
-122091,-53.67
-122135,-51.99
-122174,-52.04
-122212,-52.17
-122250,-50.73
-122285,-52.0
-122323,-51.54
-122359,-50.84
-122395,-52.57
-122434,-52.02
-122473,-52.39
-122512,-51.58
-122551,-53.11
-122592,-52.96
-122634,-53.66
-122678,-52.65
-122719,-52.37
-122760,-53.63
-122804,-53.9
-122849,-52.79
-122891,-52.4
-122930,-51.77
-122969,-52.93
-123009,-52.27
-123050,-53.39
-123093,-53.69
-123138,-52.45
-123179,-53.58
-123222,-53.23
-123264,-52.49
-123306,-52.76
-123347,-53.06
-123389,-53.54
-123433,-52.6
-123474,-52.82
-123515,-52.47
-123555,-52.51
-123595,-53.36
-123638,-53.23
-123681,-53.17
-123724,-53.0
-123767,-53.42
-123809,-52.88
-123853,-53.91
-123898,-54.29
-123944,-52.41
-123985,-53.11
-124027,-53.42
-124071,-53.39
-124113,-52.22
-124155,-53.71
-124198,-52.36
-124238,-53.66
-124283,-53.59
-124326,-52.44
-124367,-52.44
-124409,-54.07
-124453,-53.39
-124498,-54.17
-124544,-54.01
-124590,-53.17
-124633,-53.34
-124676,-52.73
-124717,-52.59
-124758,-53.0
-124799,-52.11
-124838,-51.9
-124876,-52.36
-124915,-52.21
-124953,-51.29
-124990,-51.97
-125027,-51.32
-125065,-52.36
-125102,-51.71
-125140,-51.3
-125176,-51.85
-125214,-52.6
-125253,-52.34
-125292,-52.25
-125331,-51.89
-125368,-51.64
-125407,-52.84
-125446,-52.61
-125487,-52.42
-125525,-51.52
-125562,-51.17
-125598,-52.06
-125635,-51.73
-125672,-51.55
-125709,-52.46
-125747,-51.55
-125784,-50.91
-125823,-51.25
-125860,-51.69
-125895,-50.1
-125928,-51.14
-125962,-50.57
-125996,-50.18
-126029,-50.07
-126062,-51.14
-126096,-50.53
-126129,-51.3
-126162,-51.03
-126196,-51.24
-126231,-50.12
-126265,-51.94
-126299,-49.71
-126334,-50.5
-126367,-51.6
-126398,-50.42
-126430,-51.04
-126461,-49.71
-126492,-49.79
-126524,-50.44
-126555,-49.64
-126587,-50.66
-126617,-51.4
-126648,-50.84
-126680,-49.66
-126712,-49.04
-126743,-50.54
-126776,-51.16
-126808,-50.2
-126841,-49.91
-126872,-49.99
-126904,-51.34
-126939,-50.71
-126971,-50.62
-127005,-52.15
-127040,-50.98
-127074,-50.84
-127107,-49.89
-127140,-51.12
-127174,-51.38
-127208,-50.41
-127241,-50.7
-127273,-50.73
-127305,-49.94
-127336,-51.85
-127372,-51.52
-127408,-51.62
-127443,-50.15
-127475,-51.06
-127508,-51.44
-127542,-50.73
-127575,-51.24
-127609,-51.18
-127643,-51.04
-127677,-51.13
-127711,-51.42
-127746,-52.57
-127784,-52.08
-127819,-50.8
-127854,-51.19
-127887,-51.58
-127922,-51.42
-127957,-51.15
-127991,-52.19
-128027,-51.78
-128063,-51.59
-128098,-51.11
-128133,-52.93
-128171,-52.38
-128208,-51.68
-128243,-52.31
-128281,-52.59
-128318,-51.89
-128355,-51.75
-128390,-52.83
-128430,-52.86
-128467,-51.25
-128505,-53.73
-128545,-53.36
-128586,-52.35
-128625,-52.95
-128664,-53.16
-128704,-53.61
-128746,-53.46
-128788,-53.5
-128829,-53.69
-128872,-53.6
-128915,-54.68
-128959,-54.08
-129004,-53.87
-129047,-54.04
-129091,-54.1
-129135,-53.73
-129178,-54.15
-129222,-54.82
-129268,-54.1
-129313,-54.01
-129358,-54.43
-129402,-53.75
-129446,-54.73
-129492,-54.62
-129538,-56.17
-129591,-55.67
-129642,-55.19
-129691,-55.63
-129741,-55.59
-129792,-56.09
-129844,-56.02
-129897,-56.26
-129951,-56.28
-130004,-55.88
-130058,-57.35
-130115,-57.1
-130173,-56.02
-130226,-56.16
-130279,-55.83
-130331,-56.6
-130386,-56.82
-130443,-56.78
-130499,-57.65
-130556,-56.63
-130613,-57.64
-130673,-57.77
-130737,-57.23
-130796,-57.96
-130858,-57.77
-130921,-58.24
-130985,-58.05
-131049,-58.85
-131117,-58.63
-131183,-57.53
-131244,-57.71
-131308,-59.21
-131377,-59.18
-131447,-58.07
-131511,-57.49
-131574,-58.2
-131638,-58.980000000000004
-131707,-59.3
-131779,-59.82
-131852,-58.16
-131919,-59.519999999999996
-131991,-59.34
-132063,-59.68
-132137,-60.2
-132213,-59.15
-132285,-60.11
-132362,-59.980000000000004
-132439,-59.97
-132516,-60.39
-132595,-60.29
-132673,-60.26
-132753,-60.81
-132835,-60.57
-132916,-60.79
-132999,-61.38
-133086,-62.84
-133174,-61.49
-133263,-62.16
-133356,-62.269999999999996
-133451,-62.230000000000004
-133546,-62.3
-133642,-61.65
-133741,-61.33
-133829,-62.51
-133925,-61.97
-134017,-61.04
-134105,-61.89
-134197,-62.89
-134297,-62.39
-134395,-62.980000000000004
-134497,-63.230000000000004
-134602,-63.269999999999996
-134706,-62.769999999999996
-134801,-63.01
-134903,-62.62
-135003,-62.96
-135105,-63.18
-135208,-61.94
-135303,-61.96
-135397,-62.78
-135497,-62.61
-135597,-62.269999999999996
-135696,-62.85
-135793,-63.09
-135897,-62.69
-135997,-62.269999999999996
-136096,-62.83
-136197,-62.56
-136297,-62.99
-136400,-63.03
-136503,-62.43
-136603,-63.35
-136709,-63.51
-136813,-63.28
-136920,-63.93
-137032,-63.57
-137142,-63.44
-137251,-63.82
-137360,-63.269999999999996
-137466,-63.04
-137571,-63.07
-137677,-63.35
-137784,-63.64
-137895,-62.980000000000004
-138000,-63.63
-138109,-62.51
-138212,-63.69
-138322,-63.61
-138433,-62.97
-138538,-62.72
-138640,-63.56
-138751,-63.17
-138858,-63.519999999999996
-138968,-63.63
-139080,-63.67
-139192,-63.26
-139300,-63.34
-139408,-62.88
-139514,-63.31
-139622,-63.83
-139736,-62.5
-139837,-62.45
-139937,-63.01
-140043,-62.32
-140143,-62.92
-140248,-63.28
-140357,-63.79
-140470,-63.11
-140578,-63.21
-140686,-62.65
-140789,-62.769999999999996
-140892,-62.16
-140991,-62.730000000000004
-141095,-63.41
-141205,-63.34
-141315,-63.54
-141426,-62.54
-141529,-62.0
-141627,-63.01
-141733,-63.6
-141846,-62.85
-141952,-63.59
-142065,-63.37
-142175,-62.57
-142278,-62.14
-142378,-62.8
-142482,-62.84
-142588,-62.97
-142695,-62.43
-142797,-62.97
-142904,-62.769999999999996
-143009,-62.41
-143112,-63.46
-143223,-62.72
-143328,-62.6
-143432,-62.42
-143534,-63.49
-143646,-62.89
-143754,-63.3
-143865,-63.79
-143981,-63.32
-144092,-61.88
-144190,-62.59
-144294,-62.980000000000004
-144402,-62.83
-144509,-62.47
-144612,-62.68
-144714,-61.32
-144803,-62.83
-144907,-62.15
-145008,-62.4
-145110,-62.04
-145210,-62.76
-145316,-63.12
-145426,-63.28
-145537,-63.37
-145650,-62.99
-145760,-63.3
-145871,-62.57
-145976,-61.83
-146074,-61.85
-146173,-62.7
-146277,-62.16
-146377,-61.65
-146474,-62.44
-146577,-62.65
-146683,-62.88
-146791,-62.81
-146898,-62.15
-147000,-62.64
-147106,-62.81
-147213,-62.59
-147320,-62.99
-147429,-62.36
-147533,-62.36
-147636,-61.41
-147731,-62.34
-147834,-61.42
-147929,-61.64
-148026,-61.5
-148122,-61.46
-148217,-61.42
-148312,-61.67
-148409,-61.54
-148506,-62.05
-148606,-62.05
-148707,-61.81
-148806,-62.03
-148907,-61.93
-149007,-62.16
-149109,-62.269999999999996
-149212,-61.92
-149313,-61.66
-149412,-62.61
-149516,-61.51
-149615,-62.1
-149716,-62.2
-149819,-62.15
-149922,-62.26
-150026,-62.31
-150130,-62.43
-150235,-62.11
-150338,-61.93
-150439,-62.16
-150542,-61.9
-150643,-61.67
-150739,-61.95
-150840,-62.64
-150947,-62.33
-151041,-62.38
-151146,-62.38
-151252,-62.57
-151360,-63.15
-151472,-62.41
-151579,-62.39
-151685,-62.14
-151791,-62.47
-151898,-62.86
-152010,-63.6
-152128,-63.5
-152246,-62.53
-152354,-62.69
-152464,-62.93
-152576,-63.13
-152691,-63.78
-152812,-63.53
-152931,-63.22
-153047,-63.59
-153167,-63.43
-153285,-62.980000000000004
-153398,-63.03
-153513,-63.75
-153634,-62.86
-153747,-62.88
-153859,-63.12
-153975,-63.49
-154094,-64.42
-154224,-64.53
-154356,-64.08
-154486,-63.28
-154603,-63.46
-154723,-64.11
-154849,-63.03
-154965,-63.44
-155081,-63.269999999999996
-155199,-63.14
-155316,-64.02
-155441,-63.66
-155563,-62.769999999999996
-155677,-62.91
-155791,-63.32
-155905,-62.980000000000004
-156021,-63.54
-156141,-63.45
-156242,-63.519999999999996
-156342,-64.23
-156446,-63.57
-156546,-62.61
-156657,-62.42
-156762,-62.07
-156863,-61.79
-156961,-60.56
-157060,-61.019999999999996
-157154,-60.24
-157250,-61.36
-157348,-61.99
-157436,-61.49
-157540,-61.43
-157638,-61.8
-157741,-61.88
-157845,-62.08
-157947,-62.46
-158052,-61.96
-158156,-61.97
-158258,-61.89
-158373,-62.2
-158482,-62.07
-158589,-62.07
-158693,-62.67
-158806,-62.519999999999996
-158917,-62.6
-159030,-62.730000000000004
-159147,-62.5
-159260,-63.54
-159379,-63.37
-159493,-62.63
-159608,-61.74
-159712,-61.43
-159813,-62.04
-159926,-61.230000000000004
-160024,-61.12
-160126,-60.89
-160227,-60.97
-160327,-60.71
-160425,-61.41
-160525,-60.67
-160620,-61.82
-160721,-62.32
-160824,-61.33
-160927,-61.47
-161029,-61.38
-161130,-61.42
-161232,-61.95
-161339,-61.62
-161443,-63.08
-161555,-63.019999999999996
-161672,-61.9
-161780,-61.62
-161885,-62.9
-162002,-63.78
-162124,-63.43
-162247,-63.99
-162377,-63.62
-162503,-62.88
-162621,-63.12
-162742,-63.25
-162863,-63.04
-162983,-62.75
-163100,-63.69
-163226,-63.42
-163347,-63.14
-163467,-62.269999999999996
-163579,-62.69
-163696,-63.230000000000004
-163817,-62.89
-163936,-62.69
-164052,-62.5
-164168,-63.58
-164294,-63.04
-164408,-62.65
-164523,-62.13
-164635,-63.1
-164755,-62.84
-164874,-63.38
-164991,-61.88
-165100,-62.11
-165210,-62.04
-165320,-62.06
-165430,-61.84
-165531,-61.480000000000004
-165636,-62.45
-165750,-61.91
-165859,-61.66
-165965,-60.82
-166065,-61.29
-166166,-60.56
-166263,-60.33
-166358,-61.26
-166463,-61.59
-166565,-60.96
-166666,-61.18
-166769,-62.64
-166880,-62.39
-166987,-60.96
-167087,-61.08
-167188,-60.99
-167289,-61.29
-167392,-62.03
-167503,-62.13
-167615,-62.04
-167725,-61.14
-167828,-61.09
-167930,-62.53
-168046,-62.15
-168159,-62.41
-168275,-62.63
-168393,-62.81
-168506,-62.62
-168619,-62.769999999999996
-168732,-62.62
-168849,-62.68
-168965,-62.94
-169085,-63.06
-169206,-62.63
-169325,-62.78
-169444,-61.9
-169555,-61.47
-169659,-61.05
-169761,-60.53
-169860,-61.14
-169961,-60.42
-170058,-60.34
-170155,-61.18
-170258,-60.6
-170358,-61.6
-170464,-61.26
-170570,-61.95
-170681,-61.21
-170798,-61.96
-170911,-62.14
-171025,-62.96
-171147,-61.9
-171260,-62.64
-171378,-62.11
-171493,-62.67
-171614,-62.68
-171735,-63.2
-171861,-62.82
-171983,-62.57
-172102,-62.49
-172221,-62.62
-172341,-62.31
-172460,-62.88
-172578,-62.06
-172692,-62.480000000000004
-172810,-61.87
-172923,-62.37
-173040,-62.91
-173163,-61.96
-173277,-62.12
-173392,-62.45
-173511,-62.65
-173632,-63.39
-173762,-63.37
-173891,-63.730000000000004
-174025,-63.1
-174153,-63.03
-174279,-63.18
-174407,-63.37
-174537,-62.78
-174660,-62.78
-174777,-62.61
-174898,-61.44
-175008,-61.29
-175114,-60.11
-175215,-60.83
-175318,-61.34
-175425,-61.26
-175528,-61.11
-175634,-62.43
-175750,-60.34
-175851,-60.21
-175948,-59.9
-176043,-60.49
-176145,-60.35
-176244,-60.82
-176348,-61.04
-176454,-61.19
-176560,-60.43
-176662,-61.5
-176772,-61.42
-176882,-61.55
-176993,-61.96
-177110,-62.53
-177232,-63.18
-177357,-62.66
-177482,-63.33
-177612,-63.08
-177744,-62.7
-177868,-61.63
-177983,-63.45
-178112,-62.89
-178240,-61.97
-178359,-62.76
-178484,-63.1
-178615,-63.18
-178747,-63.519999999999996
-178879,-62.6
-179006,-62.99
-179135,-62.79
-179264,-63.5
-179400,-63.29
-179534,-62.82
-179652,-63.58
-179779,-63.56
-179918,-63.05
-180050,-63.74
-180182,-63.39
-180319,-62.519999999999996
-180457,-63.01
-180583,-62.91
-180712,-63.34
-180848,-63.24
-180979,-63.34
-181112,-63.269999999999996
-181245,-63.730000000000004
-181381,-62.82
-181511,-63.76
-181647,-63.7
-181789,-63.34
-181927,-62.81
-182059,-63.05
-182193,-62.85
-182325,-63.54
-182465,-63.32
-182604,-62.93
-182738,-63.65
-182881,-63.16
-183017,-62.85
-183151,-62.37
-183278,-62.01
-183402,-63.0
-183537,-62.91
-183671,-62.72
-183804,-62.84
-183938,-62.39
-184067,-62.34
-184195,-62.269999999999996
-184322,-62.15
-184448,-62.19
-184562,-61.83
-184683,-60.97
-184797,-61.53
-184916,-61.25
-185033,-61.13
-185149,-61.13
-185263,-60.04
-185369,-60.12
-185475,-60.33
-185582,-59.59
-185682,-59.519999999999996
-185782,-58.88
-185876,-58.39
-185966,-58.82
-186059,-58.53
-186151,-60.19
-186257,-60.19
-186364,-60.14
-186471,-60.07
-186578,-61.08
-186694,-60.62
-186806,-60.7
-186921,-61.12
-187039,-59.95
-187145,-60.61
-187257,-60.61
-187370,-61.230000000000004
-187489,-61.230000000000004
-187608,-60.769999999999996
-187723,-61.01
-187841,-61.16
-187961,-61.93
-188089,-60.81
-188205,-61.21
-188325,-61.519999999999996
-188450,-62.49
-188585,-62.51
-188721,-61.58
-188849,-62.56
-188986,-61.47
-189111,-61.68
-189238,-61.769999999999996
-189366,-61.24
-189489,-61.41
-189613,-60.78
-189732,-61.43
-189855,-59.980000000000004
-189966,-60.24
-190075,-59.25
-190176,-59.44
-190280,-59.17
-190382,-59.269999999999996
-190485,-61.01
-190605,-60.46
-190722,-61.14
-190844,-60.67
-190962,-60.519999999999996
-191078,-59.93
-191189,-61.08
-191313,-61.97
-191446,-61.1
-191570,-61.25
-191695,-61.31
-191819,-61.49
-191947,-60.72
-192069,-61.76
-192199,-60.45
-192318,-61.29
-192444,-60.7
-192565,-60.71
-192685,-60.480000000000004
-192803,-60.17
-192919,-61.07
-193043,-59.84
-193155,-59.38
-193263,-59.85
-193374,-59.56
-193483,-59.55
-193595,-59.85
-193691,-58.97
-193792,-59.65
-193902,-59.41
-194010,-59.43
-194117,-58.3
-194218,-59.46
-194324,-59.06
-194427,-59.4
-194532,-58.89
-194629,-59.31
-194736,-59.09
-194841,-58.7
-194943,-58.46
-195043,-58.37
-195141,-58.18
-195239,-57.7
-195332,-57.93
-195427,-58.07
-195523,-58.07
-195618,-57.5
-195706,-57.26
-195795,-57.6
-195887,-57.42
-195978,-57.36
-196068,-57.17
-196157,-56.66
-196243,-57.1
-196331,-58.11
-196426,-57.08
-196515,-57.24
-196604,-56.21
-196686,-56.31
-196765,-56.79
-196850,-57.36
-196940,-57.01
-197028,-56.69
-197114,-56.75
-197200,-56.88
-197287,-56.54
-197372,-56.96
-197460,-56.67
-197546,-56.78
-197633,-57.14
-197722,-57.18
-197811,-55.87
-197892,-56.23
-197975,-56.43
-198059,-56.79
-198146,-56.15
-198229,-57.05
-198318,-57.13
-198408,-56.93
-198497,-56.97
-198586,-56.91
-198674,-56.23
-198758,-56.71
-198844,-56.63
-198931,-56.76
-199018,-56.79
-199105,-55.92
-199187,-57.67
-199283,-57.01
-199373,-56.6
-199458,-56.28
-199542,-56.18
-199626,-57.0
-199716,-57.44
-199809,-57.44
-199904,-57.72
-200000,-57.42
-200094,-58.38
-200197,-58.2
-200298,-58.19
-200399,-57.74
-200497,-58.19
-200598,-58.83
-200706,-58.64
-200811,-58.08
-200914,-59.17
-201024,-59.43
-201139,-59.21
-201250,-58.72
-201359,-59.64
-201476,-58.61
-201584,-59.24
-201697,-59.32
-201810,-58.980000000000004
-201921,-58.71
-202029,-59.42
-202147,-59.28
-202260,-58.59
-202368,-58.84
-202477,-58.519999999999996
-202587,-57.84
-202687,-58.43
-202793,-59.04
-202904,-58.47
-203010,-57.81
-203111,-57.93
-203213,-57.85
-203314,-57.9
-203415,-57.9
-203515,-57.17
-203611,-58.39
-203715,-57.5
-203813,-57.52
-203911,-57.91
-204012,-58.03
-204114,-57.79
-204215,-57.74
-204315,-57.51
-204413,-57.1
-204508,-56.72
-204601,-57.56
-204699,-57.73
-204798,-57.25
-204895,-58.27
-204999,-57.48
-205097,-57.39
-205194,-57.44
-205291,-57.58
-205390,-57.77
-205491,-57.26
-205587,-57.48
-205684,-56.96
-205773,-56.89
-205865,-56.79
-205958,-57.37
-206053,-56.85
-206147,-56.91
-206240,-56.69
-206331,-57.12
-206426,-57.11
-206520,-57.24
-206615,-56.45
-206705,-56.19
-206792,-56.74
-206884,-56.88
-206976,-56.14
-207063,-56.17
-207150,-56.82
-207241,-56.3
-207330,-57.03
-207423,-56.69
-207514,-55.9
-207600,-56.89
-207692,-55.96
-207778,-56.74
-207867,-55.85
-207953,-56.27
-208040,-55.99
-208125,-56.34
-208207,-54.74
-208284,-55.89
-208368,-56.05
-208453,-55.77
-208537,-55.79
-208621,-56.71
-208707,-56.3
-208795,-56.93
-208888,-56.51
-208976,-55.62
-209059,-55.61
-209142,-56.26
-209229,-56.83
-209320,-55.57
-209403,-55.89
-209487,-56.56
-209577,-56.55
-209666,-56.98
-209750,-56.51
-209835,-56.84
-209927,-56.53
-210016,-56.24
-210104,-56.51
-210193,-56.0
-210279,-57.25
-210373,-56.64
-210465,-57.12
-210558,-57.09
-210652,-56.77
-210741,-56.31
-210829,-56.49
-210917,-56.5
-211007,-56.8
-211098,-56.39
-211186,-56.08
-211272,-56.88
-211363,-56.46
-211452,-56.43
-211541,-57.25
-211633,-57.2
-211728,-57.52
-211825,-56.48
-211914,-55.91
-211999,-56.26
-212086,-57.17
-212176,-57.0
-212269,-56.36
-212358,-57.09
-212451,-56.59
-212541,-56.31
-212629,-56.48
-212717,-56.42
-212805,-56.33
-212892,-55.89
-212974,-56.75
-213061,-55.5
-213143,-55.89
-213226,-55.67
-213308,-56.27
-213391,-56.14
-213477,-56.2
-213563,-55.96
-213648,-56.75
-213736,-56.51
-213825,-57.01
-213915,-56.72
-214006,-56.89
-214098,-57.0
-214191,-57.4
-214288,-57.69
-214387,-57.32
-214483,-57.39
-214580,-57.28
-214676,-57.45
-214774,-58.22
-214878,-58.22
-214980,-58.54
-215088,-58.61
-215197,-58.5
-215305,-58.95
-215417,-58.5
-215525,-58.0
-215629,-59.37
-215745,-59.269999999999996
-215862,-59.16
-215977,-58.730000000000004
-216088,-59.89
-216212,-60.38
-216341,-59.5
-216461,-59.75
-216583,-59.95
-216709,-59.66
-216831,-59.730000000000004
-216954,-59.3
-217072,-59.46
-217190,-60.38
-217319,-60.01
-217443,-59.58
-217565,-59.79
-217687,-60.61
-217821,-60.480000000000004
-217954,-60.58
-218089,-60.19
-218219,-60.84
-218356,-60.84
-218494,-61.39
-218639,-61.019999999999996
-218779,-61.42
-218924,-61.24
-219068,-61.46
-219215,-61.97
-219368,-61.53
-219519,-63.269999999999996
-219688,-62.66
-219859,-61.88
-220012,-61.51
-220163,-62.07
-220325,-62.58
-220491,-62.7
-220659,-62.66
-220826,-62.57
-220996,-63.22
-221168,-62.65
-221336,-63.2
-221509,-62.49
-221677,-63.19
-221854,-63.07
-222027,-63.15
-222204,-62.58
-222374,-63.06
-222551,-62.57
-222719,-62.480000000000004
-222887,-62.51
-223053,-61.96
-223215,-62.26
-223381,-62.46
-223549,-61.019999999999996
-223699,-61.14
-223849,-60.86
-223994,-60.519999999999996
-224135,-59.69
-224265,-59.05
-224392,-60.63
-224538,-60.25
-224677,-61.03
-224823,-60.74
-224967,-60.28
-225109,-60.980000000000004
-225261,-60.93
-225412,-61.86
-225576,-62.07
-225741,-62.269999999999996
-225912,-61.71
-226076,-62.33
-226249,-62.81
-226430,-62.68
-226610,-62.83
-226792,-62.65
-226972,-62.62
-227151,-62.01
-227322,-61.730000000000004
-227488,-60.37
-227634,-60.769999999999996
-227786,-59.39
-227922,-61.42
-228082,-61.01
-228238,-61.03
-228396,-62.19
-228571,-62.22
-228747,-62.09
-228922,-61.82
-229097,-61.96
-229269,-61.6
-229438,-61.37
-229602,-61.17
-229763,-61.04
-229923,-60.5
-230076,-60.47
-230231,-59.980000000000004
-230377,-60.66
-230532,-60.51
-230686,-60.57
-230840,-60.59
-230995,-60.28
-231146,-60.53
-231300,-60.15
-231450,-60.31
-231601,-59.26
-231740,-59.6
-231881,-59.44
-232021,-59.16
-232158,-59.29
-232297,-59.42
-232438,-59.35
-232577,-59.39
-232718,-59.03
-232854,-59.11
-232991,-57.9
-233115,-58.38
-233242,-57.92
-233366,-57.93
-233489,-58.01
-233613,-57.75
-233734,-58.45
-233863,-58.1
-233989,-57.81
-234111,-57.23
-234227,-56.58
-234339,-57.63
-234459,-57.11
-234574,-57.35
-234691,-56.61
-234801,-57.33
-234917,-56.91
-235031,-57.3
-235147,-57.57
-235267,-56.89
-235382,-56.93
-235494,-56.63
-235605,-57.39
-235722,-57.24
-235839,-57.09
-235954,-56.49
-236063,-56.51
-236171,-56.95
-236284,-57.41
-236402,-56.59
-236512,-56.83
-236624,-56.36
-236735,-57.0
-236839,-56.08
-236946,-56.28
-237050,-56.15
-237160,-56.91
-237275,-56.88
-237378,-55.91
-237489,-56.89
-237603,-57.12
-237713,-56.76
-237818,-56.37
-237915,-55.07
-238011,-55.62
-238110,-56.09
-238213,-55.49
-238312,-55.5
-238410,-55.22
-238506,-55.56
-238605,-55.72
-238705,-55.31
-238801,-54.76
-238893,-55.02
-238987,-55.06
-239080,-54.51
-239170,-54.21
-239257,-54.12
-239343,-54.12
-239428,-53.47
-239510,-54.41
-239597,-53.33
-239677,-53.99
-239760,-52.78
-239837,-52.04
-239907,-51.94
-239977,-52.3
-240049,-52.52
-240121,-51.77
-240191,-52.54
-240263,-52.29
-240335,-51.79
-240404,-52.19
-240475,-52.08
-240545,-52.44
-240618,-52.66
-240691,-52.59
-240765,-52.61
-240839,-53.42
-240917,-52.3
-240989,-52.69
-241064,-52.93
-241139,-53.36
-241218,-53.76
-241300,-53.87
-241382,-54.14
-241464,-53.49
-241544,-53.51
-241624,-53.31
-241703,-53.63
-241785,-54.29
-241871,-54.62
-241959,-54.71
-242048,-54.86
-242138,-55.75
-242237,-56.16
-242339,-56.82
-242447,-56.63
-242554,-56.33
-242659,-56.91
-242768,-56.92
-242878,-57.55
-242994,-57.33
-243108,-57.71
-243226,-57.95
-243347,-57.93
-243469,-58.99
-243601,-58.27
-243727,-58.72
-243858,-59.57
-243998,-58.92
-244131,-59.72
-244275,-60.18
-244424,-60.42
-244578,-60.9
-244738,-62.06
-244911,-61.44
-245081,-61.3
-245248,-61.72
-245415,-60.51
-245571,-60.019999999999996
-245726,-60.49
-245882,-61.08
-246041,-60.17
-246192,-60.16
-246342,-60.1
-246492,-60.79
-246651,-60.35
-246805,-60.47
-246961,-61.15
-247125,-60.76
-247285,-60.82
-247446,-61.45
-247616,-61.41
-247786,-61.93
-247964,-61.82
-248141,-62.43
-248328,-61.79
-248505,-62.26
-248686,-62.3
-248871,-61.99
-249052,-61.96
-249231,-61.95
-249407,-61.730000000000004
-249583,-62.04
-249768,-62.79
-249965,-63.07
-250165,-62.78
-250360,-62.62
-250553,-62.83
-250748,-62.1
-250933,-62.83
-251128,-62.39
-251318,-62.980000000000004
-251517,-62.88
-251715,-62.18
-251901,-62.05
-252085,-61.980000000000004
-252266,-61.67
-252444,-62.49
-252635,-62.7
-252831,-62.269999999999996
-253018,-61.97
-253202,-62.35
-253391,-62.38
-253581,-62.22
-253769,-63.42
-253967,-62.49
-254160,-62.21
-254347,-62.19
-254530,-61.62
-254707,-61.49
-254883,-62.18
-255069,-61.66
-255248,-61.43
-255424,-62.63
-255618,-61.79
-255800,-61.480000000000004
-255976,-61.67
-256154,-61.32
-256328,-61.09
-256497,-60.519999999999996
-256660,-61.2
-256831,-61.93
-257014,-61.7
-257195,-62.01
-257381,-62.88
-257581,-61.86
-257765,-61.769999999999996
-257947,-61.85
-258135,-62.49
-258330,-62.92
-258533,-62.46
-258728,-62.56
-258923,-61.18
-259098,-61.79
-259281,-61.51
-259460,-61.96
-259646,-62.45
-259842,-62.85
-260045,-62.37
-260239,-61.91
-260426,-62.03
-260614,-62.36
-260808,-61.5
-260988,-62.41
-261184,-61.54
-261364,-60.7
-261532,-60.66
-261699,-60.67
-261866,-61.4
-262044,-61.04
-262217,-61.33
-262395,-61.81
-262581,-61.480000000000004
-262761,-61.22
-262938,-61.89
-263126,-61.95
-263316,-62.019999999999996
-263506,-61.74
-263693,-62.04
-263883,-62.26
-264085,-62.31
-264289,-62.79
-264508,-62.65
-264724,-62.4
-264930,-61.84
-265126,-62.71
-265335,-63.18
-265550,-63.269999999999996
-265767,-63.42
-265988,-62.78
-266196,-62.99
-266409,-62.95
-266621,-63.04
-266835,-63.05
-267050,-63.38
-267271,-63.15
-267489,-63.45
-267712,-63.63
-267940,-63.01
-268156,-63.75
-268386,-63.04
-268603,-62.91
-268817,-63.480000000000004
-269043,-64.05
-269282,-63.66
-269512,-63.59
-269742,-63.86
-269978,-63.84
-270213,-63.730000000000004
-270447,-63.88
-270684,-63.56
-270915,-63.82
-271151,-63.81
-271388,-63.480000000000004
-271618,-63.67
-271852,-63.55
-272084,-63.61
-272318,-63.55
-272550,-63.06
-272774,-63.47
-273004,-63.08
-273228,-63.45
-273460,-63.519999999999996
-273693,-62.78
-273911,-62.39
-274122,-62.66
-274338,-63.08
-274564,-63.49
-274798,-62.88
-275020,-63.45
-275255,-63.88
-275498,-62.72
-275717,-62.26
-275928,-62.25
-276139,-62.76
-276360,-62.91
-276584,-63.8
-276827,-62.39
-277043,-62.55
-277261,-63.07
-277490,-62.62
-277710,-62.54
-277928,-61.83
-278133,-61.31
-278327,-61.03
-278516,-60.07
-278689,-61.12
-278881,-61.62
-279082,-61.25
-279272,-61.69
-279469,-62.32
-279683,-61.88
-279890,-61.39
-280083,-61.230000000000004
-280278,-61.24
-280473,-60.89
-280662,-61.05
-280853,-60.68
-281040,-60.81
-281227,-60.45
-281410,-60.480000000000004
-281592,-60.35
-281773,-60.17
-281951,-60.71
-282138,-60.47
-282321,-60.19
-282499,-60.16
-282677,-60.33
-282858,-60.21
-283038,-60.21
-283217,-61.11
-283410,-59.78
-283584,-60.05
-283763,-59.85
-283939,-60.269999999999996
-284119,-59.67
-284291,-59.74
-284463,-59.5
-284630,-59.769999999999996
-284799,-60.11
-284977,-59.4
-285144,-60.06
-285318,-59.85
-285493,-59.49
-285663,-59.4
-285831,-59.519999999999996
-285998,-59.07
-286160,-59.19
-286316,-59.5
-286476,-59.29
-286645,-59.65
-286816,-59.269999999999996
-286978,-59.56
-287151,-59.71
-287314,-59.51
-287481,-59.47
-287649,-59.49
-287811,-58.81
-287967,-58.57
-288117,-58.33
-288270,-58.34
-288424,-58.83
-288584,-59.07
-288748,-58.9
-288906,-59.47
-289067,-59.62
-289230,-59.81
-289407,-60.230000000000004
-289591,-60.93
-289776,-59.91
-289956,-60.22
-290140,-60.67
-290332,-61.2
-290535,-60.79
-290730,-60.91
-290929,-60.64
-291123,-61.480000000000004
-291331,-61.769999999999996
-291535,-62.26
-291761,-62.08
-291983,-61.64
-292196,-60.9
-292396,-62.03
-292617,-62.13
-292841,-62.57
-293068,-62.12
-293292,-61.72
-293504,-61.7
-293719,-61.18
-293926,-60.67
-294122,-59.43
-294299,-60.16
-294486,-60.37
-294680,-60.87
-294881,-61.45
-295090,-61.55
-295308,-61.88
-295530,-62.53
-295744,-61.85
-295946,-62.31
-296177,-62.1
-296406,-61.65
-296626,-61.74
-296840,-61.18
-297050,-61.04
-297259,-60.87
-297465,-61.13
-297675,-61.07
-297885,-60.49
-298084,-60.37
-298282,-60.07
-298473,-59.41
-298658,-60.43
-298857,-60.81
-299064,-61.07
-299277,-61.64
-299501,-62.19
-299717,-61.56
-299941,-61.57
-300165,-61.51
-300389,-60.44
-300592,-60.730000000000004
-300801,-60.89
-301012,-60.62
-301219,-60.18
-301419,-59.75
-301611,-60.32
-301812,-59.230000000000004
-302003,-59.92
-302198,-59.6
-302378,-59.89
-302573,-59.7
-302766,-59.35
-302956,-59.769999999999996
-303149,-59.17
-303333,-58.45
-303506,-58.75
-303683,-59.07
-303866,-59.92
-304064,-59.78
-304260,-59.97
-304460,-59.56
-304653,-60.3
-304857,-61.16
-305081,-62.09
-305319,-61.49
-305540,-61.29
-305769,-61.06
-305995,-60.88
-306216,-60.519999999999996
-306431,-60.03
-306637,-60.62
-306855,-60.26
-307066,-59.83
-307272,-60.2
-307483,-60.34
-307698,-60.86
-307923,-59.94
-308132,-60.269999999999996
-308346,-59.9
-308555,-60.47
-308775,-59.71
-308981,-59.69
-309183,-59.91
-309387,-60.01
-309592,-59.83
-309805,-59.42
-310004,-59.61
-310210,-58.93
-310406,-59.26
-310608,-59.61
-310815,-58.55
-311006,-58.53
-311196,-58.9
-311392,-57.93
-311573,-58.4
-311760,-57.35
-311932,-58.3
-312119,-57.96
-312301,-57.72
-312480,-58.17
-312666,-57.73
-312845,-57.34
-313018,-57.0
-313185,-58.12
-313372,-58.34
-313561,-56.78
-313728,-57.1
-313898,-56.55
-314060,-56.11
-314216,-55.77
-314366,-57.19
-314537,-57.49
-314716,-57.45
-314894,-57.62
-315075,-57.7
-315258,-58.07
-315447,-57.94
-315635,-58.15
-315827,-57.79
-316013,-58.1
-316205,-58.72
-316409,-58.91
-316618,-59.8
-316843,-59.07
-317056,-58.91
-317266,-58.87
-317475,-58.95
-317687,-58.91
-317898,-58.53
-318102,-58.31
-318304,-58.74
-318512,-57.89
-318706,-57.64
-318896,-57.48
-319083,-57.58
-319271,-56.58
-319445,-57.4
-319631,-56.87
-319809,-56.94
-319988,-56.74
-320164,-56.43
-320336,-56.42
-320507,-55.85
-320671,-56.02
-320836,-56.38
-321007,-55.71
-321169,-55.63
-321329,-55.43
-321486,-55.26
-321641,-55.9
-321805,-54.93
-321957,-55.34
-322112,-54.84
-322262,-54.37
-322405,-54.42
-322549,-54.73
-322697,-55.06
-322850,-54.66
-322997,-54.74
-323146,-54.58
-323292,-54.31
-323434,-55.05
-323578,-54.06
-323717,-53.65
-323852,-53.78
-323987,-53.19
-324116,-53.94
-324253,-53.93
-324390,-54.19
-324529,-53.93
-324666,-53.89
-324799,-54.07
-324937,-54.34
-325075,-53.8
-325210,-54.11
-325347,-54.04
-325482,-54.09
-325610,-53.46
-325735,-53.31
-325868,-53.93
-325998,-53.71
-326133,-53.8
-326266,-53.7
-326400,-53.84
-326527,-53.14
-326653,-53.14
-326782,-53.39
-326913,-53.5
-327050,-54.09
-327191,-54.3
-327324,-53.71
-327465,-54.4
-327601,-53.72
-327734,-54.01
-327870,-54.03
-328001,-53.73
-328133,-53.58
-328263,-53.54
-328392,-53.53
-328532,-54.35
-328665,-53.79
-328802,-54.18
-328940,-54.15
-329086,-54.84
-329229,-54.6
-329371,-54.62
-329510,-54.45
-329648,-54.24
-329774,-53.47
-329899,-53.48
-330029,-53.62
-330146,-52.71
-330266,-52.67
-330380,-52.49
-330491,-52.18
-330599,-51.73
-330703,-51.23
-330812,-51.97
-330921,-51.96
-331025,-51.31
-331128,-51.31
-331228,-51.02
-331327,-50.75
-331428,-51.16
-331534,-51.27
-331639,-51.15
-331746,-51.6
-331853,-51.49
-331951,-50.8
-332049,-50.88
-332152,-51.6
-332257,-51.41
-332366,-51.81
-332472,-51.63
-332578,-51.69
-332691,-52.46
-332812,-52.9
-332929,-52.89
-333050,-53.14
-333170,-53.35
-333299,-53.97
-333426,-53.7
-333563,-54.57
-333704,-55.12
-333848,-55.16
-333997,-55.45
-334148,-55.98
-334309,-56.42
-334475,-56.64
-334641,-56.67
-334811,-57.15
-334987,-57.44
-335166,-57.28
-335345,-57.67
-335527,-57.66
-335716,-58.0
-335913,-58.48
-336114,-58.62
-336323,-59.1
-336542,-59.57
-336773,-60.18
-337002,-60.0
-337240,-60.45
-337484,-60.71
-337740,-61.05
-337999,-61.46
-338269,-61.6
-338550,-62.21
-338848,-62.89
-339170,-63.68
-339504,-64.06
-339824,-63.49
-340152,-63.72
-340498,-64.16
-340810,-63.480000000000004
-341148,-63.64
-341453,-62.83
-341777,-63.53
-342091,-63.12
-342417,-63.35
-342738,-63.34
-343050,-63.03
-343367,-63.19
-343673,-62.79
-343983,-62.93
-344306,-63.38
-344606,-62.51
-344918,-62.96
-345230,-62.99
-345515,-61.94
-345818,-62.64
-346140,-63.24
-346457,-63.11
-346757,-62.5
-347018,-61.019999999999996
-347309,-62.230000000000004
-347589,-61.7
-347871,-61.78
-348156,-61.86
-348459,-62.6
-348752,-62.11
-349049,-62.33
-349349,-62.39
-349649,-62.37
-349945,-62.22
-350245,-62.36
-350543,-62.47
-350844,-62.13
-351140,-62.09
-351428,-61.9
-351719,-62.44
-352007,-62.05
-352321,-62.65
-352650,-63.08
-352984,-63.29
-353324,-63.5
-353659,-63.37
-353993,-63.37
-354318,-63.019999999999996
-354644,-63.07
-354977,-63.28
-355308,-63.2
-355647,-63.44
-355985,-63.49
-356332,-63.3
-356663,-62.91
-356997,-63.019999999999996
-357331,-63.2
-357648,-62.34
-357980,-63.1
-358298,-62.34
-358634,-63.24
-358942,-62.19
-359272,-62.89
-359584,-62.39
-359885,-61.9
-360200,-62.11
-360523,-62.76
-360815,-61.57
-361110,-60.57
-361404,-61.61
-361710,-62.05
-362008,-61.7
-362313,-61.96
-362642,-62.64
-362969,-62.69
-363273,-61.86
-363575,-61.730000000000004
-363886,-62.08
-364196,-62.05
-364505,-61.96
-364823,-62.3
-365134,-62.0
-365438,-61.68
-365738,-61.230000000000004
-366042,-61.88
-366353,-62.14
-366690,-62.79
-367013,-62.32
-367325,-61.9
-367636,-61.86
-367931,-61.269999999999996
-368233,-61.54
-368537,-61.56
-368818,-60.67
-369106,-60.99
-369395,-60.96
-369682,-60.89
-369971,-60.94
-370252,-60.61
-370521,-60.2
-370775,-59.46
-371039,-59.92
-371316,-60.4
-371600,-60.66
-371894,-60.99
-372200,-61.36
-372539,-62.44
-372875,-62.28
-373208,-62.16
-373536,-61.95
-373859,-61.76
-374182,-61.72
-374500,-61.51
-374803,-60.96
-375112,-61.17
-375414,-60.96
-375720,-61.0
-376014,-60.7
-376332,-61.35
-376638,-60.85
-376932,-60.43
-377224,-60.31
-377515,-60.26
-377798,-59.94
-378068,-59.41
-378340,-59.47
-378621,-59.78
-378896,-59.519999999999996
-379168,-59.42
-379429,-58.92
-379694,-59.1
-379961,-58.26
-380227,-59.019999999999996
-380518,-59.65
-380803,-59.74
-381085,-59.59
-381391,-60.47
-381694,-60.37
-382005,-60.56
-382305,-60.13
-382599,-59.87
-382888,-59.68
-383157,-58.86
-383439,-59.38
-383723,-59.43
-383992,-58.81
-384257,-58.82
-384519,-57.79
-384766,-57.17
-385026,-58.38
-385302,-59.06
-385587,-59.24
-385889,-59.85
-386193,-59.87
-386517,-60.49
-386838,-60.36
-387187,-61.2
-387530,-60.980000000000004
-387854,-60.3
-388185,-60.480000000000004
-388497,-59.85
-388792,-59.18
-389090,-59.230000000000004
-389395,-59.46
-389694,-59.2
-389992,-59.15
-390281,-58.76
-390564,-58.53
-390840,-58.17
-391107,-57.83
-391374,-57.82
-391630,-57.28
-391881,-57.11
-392129,-56.87
-392377,-56.93
-392618,-56.5
-392864,-56.8
-393107,-56.6
-393330,-55.62
-393551,-55.48
-393787,-56.21
-394015,-55.81
-394242,-55.73
-394463,-55.45
-394684,-55.43
-394895,-54.9
-395108,-54.95
-395317,-54.75
-395526,-54.78
-395726,-54.21
-395935,-54.7
-396145,-54.72
-396369,-55.44
-396587,-55.07
-396785,-54.03
-396985,-54.14
-397181,-53.86
-397390,-54.57
-397593,-54.19
-397796,-54.11
-397996,-53.99
-398193,-53.8
-398382,-53.34
-398564,-52.9
-398754,-53.35
-398951,-53.67
-399144,-53.52
-399326,-52.72
-399510,-52.88
-399694,-52.87
-399880,-52.93
-400065,-52.92
-400242,-52.32
-400430,-53.01
-400613,-52.71
-400791,-52.36
-400967,-52.3
-401138,-51.88
-401317,-52.38
-401494,-52.23
-401674,-52.49
-401853,-52.3
-402034,-52.6
-402221,-52.86
-402398,-52.09
-402579,-52.4
-402764,-52.62
-402950,-52.72
-403130,-52.28
-403314,-52.94
-403491,-52.09
-403667,-52.01
-403840,-51.85
-404012,-51.79
-404192,-52.28
-404380,-52.71
-404558,-52.06
-404740,-52.23
-404910,-51.35
-405081,-51.6
-405265,-52.31
-405434,-51.6
-405617,-52.44
-405796,-52.05
-405972,-51.83
-406155,-52.33
-406342,-52.51
-406533,-52.73
-406719,-52.67
-406899,-52.41
-407078,-52.29
-407267,-52.77
-407452,-52.37
-407638,-52.7
-407831,-52.77
-408030,-52.93
-408224,-52.92
-408424,-52.78
-408627,-53.03
-408828,-52.78
-409036,-53.03
-409244,-53.13
-409452,-52.86
-409655,-53.55
-409867,-53.78
-410096,-54.06
-410327,-54.01
-410557,-54.07
-410789,-54.42
-411027,-53.84
-411248,-54.02
-411482,-54.27
-411719,-53.82
-411952,-53.93
-412189,-54.58
-412442,-54.24
-412689,-54.07
-412932,-54.33
-413182,-54.38
-413434,-53.89
-413676,-54.19
-413925,-54.19
-414175,-54.4
-414430,-53.87
-414674,-54.17
-414924,-53.83
-415168,-53.67
-415408,-54.12
-415658,-54.18
-415910,-53.89
-416156,-54.42
-416414,-54.49
-416674,-54.78
-416939,-54.82
-417183,-54.74
-417448,-54.85
-417716,-54.59
-417979,-55.12
-418253,-54.98
-418524,-54.79
-418791,-55.09
-419063,-55.25
-419340,-55.87
-419632,-55.93
-419921,-56.22
-420221,-56.37
-420525,-56.05
-420818,-56.01
-421106,-56.71
-421409,-57.09
-421719,-56.6
-422013,-56.84
-422313,-55.79
-422586,-54.74
-422834,-54.41
-423077,-54.79
-423327,-55.49
-423587,-56.4
-423863,-56.35
-424140,-56.63
-424440,-57.17
-424765,-56.79
-425070,-57.43
-425393,-58.45
-425734,-59.2
-426115,-59.13
-426494,-60.33
-426918,-60.55
-427309,-61.11
-427768,-61.29
-428237,-62.08
-428743,-62.6
-429276,-62.69
-429817,-62.69
-430376,-62.69
-430920,-62.89
-431475,-62.62
-432019,-63.08
-432522,-62.67
-433073,-62.99
-433642,-62.53
-434191,-63.41
-434776,-64.13
-435317,-63.75
-435877,-64.1
-436473,-63.3
-437089,-63.69
-437675,-63.65
-438256,-63.54
-438848,-63.57
-439438,-63.230000000000004
-440004,-62.83
-440585,-62.92
-441170,-62.41
-441732,-61.65
-442266,-62.269999999999996
-442835,-61.95
-443392,-61.95
-443950,-62.15
-444521,-61.980000000000004
-445084,-60.65
-445586,-60.82
-446097,-61.06
-446623,-62.08
-447201,-61.78
-447769,-61.76
-448338,-62.15
-448931,-62.42
-449542,-61.2
-450092,-61.57
-450663,-62.39
-451279,-61.74
-451866,-60.84
-452450,-61.31
-453019,-61.51
-453600,-61.89
-454206,-62.71
-454863,-63.42
-455569,-63.2
-456266,-63.33
-456992,-63.3
-457702,-62.97
-458394,-62.84
-459081,-62.74
-459763,-61.95
-460400,-61.65
-461020,-62.13
-461670,-62.15
-462307,-62.58
-463001,-62.94
-463707,-63.0
-464417,-62.67
-465108,-62.53
-465790,-63.14
-466511,-62.08
-467165,-60.97
-467756,-61.76
-468387,-60.8
-468966,-59.68
-469485,-59.33
-469984,-58.5
-470442,-59.12
-470930,-60.0
-471459,-60.67
-472020,-61.51
-472626,-61.39
-473210,-60.25
-473746,-59.59
-474250,-59.11
-474729,-58.69
-475188,-58.45
-475636,-59.14
-476112,-59.69
-476612,-60.480000000000004
-477149,-60.230000000000004
-477673,-59.65
-478169,-59.45
-478655,-59.26
-479131,-59.44
-479621,-59.03
-480085,-58.84
-480539,-58.47
-480978,-58.65
-481421,-58.24
-481848,-58.26
-482275,-57.86
-482685,-58.04
-483101,-57.94
-483512,-57.89
-483920,-57.92
-484329,-57.72
-484729,-57.26
-485112,-57.25
-485494,-57.06
-485867,-56.9
-486235,-57.07
-486605,-55.86
-486939,-57.01
-487306,-56.89
-487670,-56.75
-488028,-56.81
-488388,-56.94
-488751,-57.31
-489126,-57.53
-489506,-57.75
-489895,-57.75
-490284,-57.92
-490678,-57.92
-491072,-58.0
-491466,-57.73
-491852,-58.43
-492258,-58.25
-492650,-58.28
-493051,-58.28
-493451,-58.29
-493850,-58.08
-494240,-58.24
-494634,-58.28
-495028,-58.47
-495426,-58.16
-495812,-58.47
-496207,-58.33
-496595,-58.43
-496984,-58.27
-497366,-58.22
-497744,-58.8
-498140,-58.75
-498532,-58.81
-498925,-58.91
-499319,-58.95
-499713,-59.31
-500117,-58.66
-500496,-58.93
-500882,-58.95
-501267,-58.87
-501646,-58.71
-502018,-58.96
-502396,-58.5
-502758,-58.9
-503130,-59.54
-503524,-59.82
-503925,-59.71
-504321,-59.41
-504704,-59.2
-505077,-59.13
-505446,-59.019999999999996
-505808,-59.05
-506170,-59.4
-506543,-60.5
-506952,-60.44
-507358,-60.230000000000004
-507754,-60.28
-508150,-60.05
-508537,-60.17
-508926,-60.26
-509317,-60.33
-509708,-60.36
-510099,-60.13
-510482,-60.03
-510859,-59.99
-511235,-60.12
-511613,-59.88
-511983,-59.269999999999996
-512332,-59.34
-512683,-59.5
-513039,-59.480000000000004
-513393,-58.96
-513731,-58.58
-514056,-58.51
-514379,-58.980000000000004
-514716,-58.81
-515048,-58.78
-515379,-58.01
-515687,-58.51
-516010,-57.96
-516317,-58.09
-516628,-57.97
-516935,-57.95
-517243,-57.73
-517545,-57.98
-517854,-57.91
-518161,-58.25
-518466,-57.95
-518776,-57.62
-519077,-58.44
-519403,-57.9
-519714,-57.97
-520028,-57.9
-520340,-58.08
-520660,-59.34
-521019,-59.05
-521371,-59.11
-521725,-58.8
-522072,-59.01
-522425,-58.79
-522778,-59.34
-523149,-58.85
-523502,-59.14
-523858,-59.43
-524234,-59.36
-524609,-59.32
-524985,-58.92
-525349,-59.4
-525733,-59.08
-526106,-58.81
-526472,-58.64
-526833,-58.94
-527207,-59.0
-527584,-59.68
-527989,-59.93
-528407,-60.57
-528854,-61.25
-529334,-61.83
-529845,-61.62
-530352,-62.21
-530891,-61.980000000000004
-531425,-62.21
-531976,-61.74
-532509,-61.7
-533044,-61.14
-533558,-61.49
-534094,-61.26
-534625,-61.32
-535163,-61.26
-535702,-60.97
-536244,-62.03
-536834,-62.269999999999996
-537441,-62.06
-538041,-61.96
-538639,-62.05
-539238,-61.93
-539838,-61.78
-540431,-61.6
-541014,-61.74
-541604,-61.85
-542199,-62.14
-542808,-62.63
-543417,-62.62
-544035,-62.64
-544654,-62.41
-545252,-61.67
-545796,-61.32
-546330,-61.67
-546868,-61.7
-547398,-61.31
-547905,-60.64
-548372,-59.85
-548811,-60.08
-549258,-60.78
-549723,-60.980000000000004
-550179,-61.44
-550657,-60.79
-551097,-60.730000000000004
-551531,-59.92
-551924,-59.57
-552300,-59.18
-552654,-59.019999999999996
-552998,-58.54
-553315,-57.85
-553613,-57.59
-553894,-57.75
-554176,-59.17
-554461,-58.71
-554769,-58.91
-555063,-59.57
-555358,-59.45
-555666,-59.88
-555961,-59.99
-556264,-60.16
-556564,-60.65
-556873,-61.36
-557183,-61.269999999999996
-557511,-60.980000000000004
-557828,-60.25
-558127,-59.980000000000004
-558402,-59.93
-558675,-59.71
-558940,-59.5
-559199,-59.15
-559454,-58.99
-559699,-59.14
-559939,-58.57
-560180,-58.5
-560407,-58.2
-560632,-58.16
-560849,-57.9
-561065,-57.83
-561275,-57.56
-561483,-57.72
-561686,-57.31
-561891,-57.37
-562089,-57.09
-562288,-56.99
-562482,-56.71
-562677,-57.08
-562865,-56.55
-563044,-56.57
-563229,-56.71
-563415,-56.77
-563604,-56.58
-563795,-56.13
-563983,-56.32
-564164,-56.34
-564348,-56.39
-564534,-56.3
-564721,-56.52
-564907,-55.94
-565097,-56.37
-565281,-55.92
-565470,-55.72
-565652,-56.18
-565831,-56.43
-566019,-55.94
-566211,-56.04
-566396,-55.88
-566582,-56.09
-566766,-56.01
-566955,-56.27
-567143,-55.99
-567335,-55.59
-567524,-55.97
-567706,-55.92
-567895,-56.14
-568084,-55.98
-568278,-56.0
-568469,-56.11
-568662,-55.98
-568857,-55.92
-569051,-55.99
-569244,-55.95
-569440,-55.88
-569635,-55.94
-569830,-56.19
-570027,-56.01
-570228,-56.29
-570428,-56.36
-570633,-55.93
-570840,-56.03
-571041,-55.82
-571243,-56.65
-571442,-56.13
-571658,-55.85
-571864,-55.79
-572066,-56.26
-572267,-55.81
-572478,-55.91
-572681,-55.73
-572887,-55.72
-573090,-55.87
-573294,-55.49
-573502,-55.64
-573704,-55.92
-573911,-56.12
-574126,-56.23
-574347,-56.23
-574573,-56.61
-574799,-56.45
-575031,-56.33
-575264,-56.37
-575497,-56.77
-575734,-56.45
-575982,-56.33
-576216,-56.21
-576452,-55.86
-576695,-55.42
-576933,-55.58
-577164,-55.6
-577402,-55.56
-577642,-55.66
-577886,-55.57
-578134,-55.96
-578385,-56.81
-578648,-57.54
-578928,-57.31
-579243,-57.95
-579557,-58.6
-579896,-58.730000000000004
-580263,-59.31
-580642,-60.22
-581049,-60.81
-581499,-61.53
-581978,-61.39
-582496,-60.4
-583034,-60.25
-583535,-60.6
-584040,-59.99
-584571,-61.019999999999996
-585084,-61.230000000000004
-585670,-60.61
-586255,-59.68
-586828,-59.12
-587364,-58.55
-587880,-57.98
-588387,-57.97
-588866,-59.49
-589351,-60.42
-589912,-60.18
-590524,-59.8
-591133,-59.59
-591716,-59.13
-592306,-58.82
-592871,-58.39
-593451,-58.92
-594009,-59.94
-594596,-60.81
-595240,-61.2
-595942,-60.92
-596717,-60.04
-597450,-59.85
-598146,-59.49
-598841,-59.68
-599537,-58.730000000000004
-600174,-58.83
-600838,-58.69
-601524,-58.72
-602200,-58.42
-602884,-58.01
-603557,-57.97
-604211,-57.71
-604869,-57.44
-605524,-56.85
-606129,-56.51
-606724,-56.24
-607319,-55.87
-607904,-55.59
-608475,-55.76
-609035,-55.97
-609591,-55.93
-610180,-55.96
-610767,-55.54
-611360,-55.85
-611928,-55.54
-612516,-55.8
-613110,-55.47
-613722,-55.78
-614323,-55.96
-614945,-56.44
-615583,-56.78
-616255,-56.29
-616954,-56.79
-617626,-56.88
-618328,-56.46
-619000,-56.45
-619694,-57.09
-620392,-57.02
-621104,-57.34
-621846,-57.13
-622612,-57.19
-623366,-56.7
-624123,-57.69
-624850,-58.92
-625647,-60.04
-626540,-61.67
-627536,-62.87
-628695,-63.22
-630014,-63.3
-631362,-62.74
-632726,-63.4
-634006,-63.42
-635360,-62.89
-636714,-63.18
-637998,-63.34
-639312,-63.36
-640639,-62.71
-641957,-62.230000000000004
-643169,-62.18
-644272,-62.21
-645378,-62.32
-646481,-61.96
-647572,-61.57
-648606,-61.97
-649603,-61.79
-650639,-62.22
-651638,-62.42
-652657,-62.08
-653661,-61.37
-654600,-61.21
-655470,-61.88
-656305,-62.019999999999996
-657143,-62.86
-658020,-62.519999999999996
-658915,-63.14
-659793,-62.8
-660703,-62.5
-661563,-62.32
-662339,-62.92
-663125,-63.44
-663937,-63.55
-664772,-63.53
-665596,-63.45
-666398,-63.39
-667179,-62.81
-667902,-61.74
-668559,-61.78
-669152,-62.12
-669756,-62.66
-670340,-62.75
-670958,-62.49
-671570,-62.18
-672182,-62.01
-672772,-61.55
-673343,-61.04
-673899,-60.44
-674414,-60.39
-674921,-61.21
-675380,-61.84
-675838,-61.4
-676317,-60.15
-676830,-59.17
-677319,-59.65
-677771,-60.45
-678172,-60.96
-678592,-61.519999999999996
-679037,-61.84
-679499,-61.45
-679985,-60.519999999999996
-680483,-60.08
-680962,-59.7
-681421,-59.84
-681842,-59.96
-682248,-59.730000000000004
-682660,-59.33
-683075,-59.18
-683481,-59.12
-683873,-59.11
-684261,-58.91
-684639,-58.57
-685015,-58.47
-685392,-58.23
-685758,-58.0
-686120,-57.94
-686485,-57.86
-686836,-58.0
-687186,-58.2
-687536,-57.85
-687886,-57.64
-688243,-57.55
-688590,-57.55
-688930,-57.09
-689269,-57.01
-689612,-57.25
-689938,-57.2
-690260,-57.0
-690589,-56.89
-690921,-56.54
-691238,-56.1
-691564,-56.05
-691880,-56.36
-692179,-56.32
-692489,-56.58
-692811,-56.5
-693122,-56.44
-693442,-56.33
-693763,-56.42
-694080,-56.27
-694401,-56.35
-694723,-56.57
-695042,-56.36
-695360,-56.19
-695687,-56.44
-696020,-56.38
-696349,-56.34
-696684,-56.42
-697024,-56.76
-697367,-57.05
-697715,-56.99
-698077,-57.25
-698454,-56.95
-698834,-56.81
-699227,-56.66
-699614,-56.27
-700002,-56.52
-700389,-56.9
-700769,-56.99
-701164,-56.86
-701579,-56.95
-702006,-57.28
-702434,-57.55
-702875,-57.71
-703337,-57.71
-703820,-57.96
-704320,-58.25
-704830,-58.2
-705362,-58.17
-705920,-58.06
-706486,-58.0
-707061,-58.519999999999996
-707641,-58.38
-708228,-58.56
-708856,-58.5
-709486,-58.55
-710137,-58.69
-710793,-58.79
-711460,-58.4
-712142,-58.519999999999996
-712858,-58.730000000000004
-713529,-59.7
-714212,-59.76
-714910,-60.09
-715675,-60.730000000000004
-716428,-60.97
-717197,-61.42
-718051,-61.63
-718814,-62.4
-719693,-63.269999999999996
-720584,-62.82
-721528,-61.64
-722283,-60.25
-723032,-59.68
-723852,-59.57
-724585,-60.6
-725263,-60.46
-725998,-60.55
-726712,-60.33
-727419,-60.19
-728100,-59.81
-728759,-59.730000000000004
-729381,-59.78
-729996,-59.35
-730652,-58.7
-731291,-58.29
-731853,-58.43
-732377,-58.45
-732893,-58.65
-733386,-58.49
-733905,-58.22
-734405,-58.53
-734887,-58.97
-735404,-59.019999999999996
-735859,-59.26
-736344,-59.88
-736849,-60.12
-737327,-60.769999999999996
-737828,-61.66
-738344,-62.58
-738917,-62.74
-739515,-62.75
-740136,-62.97
-740757,-63.1
-741375,-63.45
-741984,-63.34
-742595,-63.17
-743221,-62.91
-743832,-63.06
-744425,-63.06
-744997,-63.12
-745570,-63.13
-746141,-63.19
-746692,-63.1
-747253,-62.94
-747816,-62.82
-748372,-63.0
-748928,-63.08
-749478,-63.09
-750040,-62.92
-750611,-62.87
-751189,-62.74
-751766,-62.47
-752350,-62.29
-752936,-62.04
-753525,-61.72
-754110,-60.75
-754693,-60.0
-755270,-59.59
-755808,-59.8
-756315,-60.269999999999996
-756807,-60.57
-757332,-60.93
-757888,-61.62
-758467,-61.769999999999996
-759072,-61.83
-759742,-61.22
-760437,-60.28
-761133,-59.66
-761811,-59.22
-762449,-59.26
-763066,-59.6
-763678,-60.06
-764288,-60.72
-764930,-60.9
-765608,-60.5
-766349,-59.83
-767122,-59.04
-767881,-58.34
-768609,-58.3
-769299,-58.43
-769957,-58.82
-770603,-59.019999999999996
-771289,-58.63
-772007,-58.32
-772753,-57.97
-773492,-57.46
-774209,-57.19
-774911,-57.2
-775586,-57.17
-776251,-56.84
-776923,-56.67
-777599,-56.63
-778259,-56.67
-778913,-56.87
-779569,-56.78
-780230,-56.34
-780906,-56.54
-781578,-56.2
-782223,-56.21
-782880,-55.65
-783520,-55.55
-784155,-55.54
-784756,-55.13
-785348,-55.04
-785935,-56.25
-786492,-56.87
-787069,-57.09
-787685,-57.59
-788332,-58.2
-788987,-58.769999999999996
-789668,-59.55
-790381,-60.11
-791129,-60.41
-791926,-61.01
-792758,-61.83
-793606,-62.730000000000004
-794499,-63.03
-795458,-63.230000000000004
-796493,-63.04
-797551,-63.38
-798639,-63.42
-799712,-63.32
